Drug,Rule_Num,Rule_Header,Matched_Cancers,Potential_New_Cancers,Full_Text_Length
9.1.1.Exemestane(如Aromasin Sugar Coated Tablets)：（88/11/1、90/10/1、99/6/1、105/8/1),1.,1.限停經後或卵巢切除後，且女性荷爾蒙受體(estrogen receptor)陽性之晚期乳癌病患，經使用tamoxifen無效後，方可使用。,乳癌,陽性之晚期乳癌,71
9.1.1.Exemestane(如Aromasin Sugar Coated Tablets)：（88/11/1、90/10/1、99/6/1、105/8/1),2.,2.具有雌激素受體陽性之停經婦女，使用tamoxifen至少兩年之高危險早期侵犯性乳癌的輔助治療，且不得與tamoxifen或其他aromatase inhibitor併用。使用時需同時符合下列規定：(105/8/1),乳癌,之高危險早期侵犯性乳癌,169
9.1.2.Anastrozole(如Arimidex)：（88/6/1、92/3/1、93/6/1）,1.,1.停經後雌激素接受器為陽性或不清楚之局部晚期或轉移性乳癌第一線治療。(92/3/1),乳癌,之局部晚期或轉移性乳癌,43
9.1.2.Anastrozole(如Arimidex)：（88/6/1、92/3/1、93/6/1）,2.,2.停經後婦女晚期乳癌，雌激素接受器為陰性，但曾對tamoxifen有陽性反應者。(92/3/1),乳癌,停經後婦女晚期乳癌,49
9.1.2.Anastrozole(如Arimidex)：（88/6/1、92/3/1、93/6/1）,3.,3.停經後婦女罹患早期侵犯性乳癌，經外科手術切除後且雌激素接受器為陽性，且有血栓栓塞症或子宮內膜異常增生的高危險群，而無法使用tamoxifen治療者。(93/6/1),乳癌,婦女罹患早期侵犯性乳癌,203
9.1.3.Letrozole：（88/11/1、90/10/1、92/3/1、97/11/1、98/11/1、99/9/1、102/8/1),1.,1.接受抗動情激素治療失敗的自然或人工停經後之末期乳癌病人之治療、停經後之局部晚期或轉移性乳癌婦女患者之第一線治療用藥。,乳癌,"之局部晚期或轉移性乳癌, 或人工停經後之末期乳癌",60
9.1.3.Letrozole：（88/11/1、90/10/1、92/3/1、97/11/1、98/11/1、99/9/1、102/8/1),2.,2.停經後且荷爾蒙接受體呈陽性，有淋巴結轉移之乳癌病人，作為tamoxifen治療五年後的延伸治療，且不得與其他aromatase inhibitor併用。使用時需同時符合下列規定：（97/11/1）,乳癌,有淋巴結轉移之乳癌,149
9.1.3.Letrozole：（88/11/1、90/10/1、92/3/1、97/11/1、98/11/1、99/9/1、102/8/1),3.,3.停經後且荷爾蒙接受體呈陽性之早期乳癌病人，經外科手術切除後之輔助治療，且不得與tamoxifen或其他aromatase inhibitor併用。使用時需同時符合下列規定：(98/11/1、99/9/1、102/8/1),乳癌,接受體呈陽性之早期乳癌,173
9.1.3.Letrozole：（88/11/1、90/10/1、92/3/1、97/11/1、98/11/1、99/9/1、102/8/1),4.,4.病歷上應詳細記載手術資料、病理報告(應包含ER、PR之檢測結果且無復發現象)及用藥紀錄(如tamoxifen使用五年證明)。,無符合,無,64
9.2.Carboplatin(如Paraplatin；Carboplatin inj)：(112/12/1、114/2/1、114/6/1、114/8/1、114/10/1、115/6/1、115/8/1),一般,(無標題),無符合,無,1
9.2.Carboplatin(如Paraplatin；Carboplatin inj)：(112/12/1、114/2/1、114/6/1、114/8/1、114/10/1、115/6/1、115/8/1),1.,1.卵巢癌患者。,卵巢癌,無,8
9.2.Carboplatin(如Paraplatin；Carboplatin inj)：(112/12/1、114/2/1、114/6/1、114/8/1、114/10/1、115/6/1、115/8/1),2.,2.腎功能不佳(CCr<60)或曾作單側或以上腎切除之惡性腫瘤患者使用。,無符合,或以上腎切除之惡性腫瘤,36
9.2.Carboplatin(如Paraplatin；Carboplatin inj)：(112/12/1、114/2/1、114/6/1、114/8/1、114/10/1、115/6/1、115/8/1),3.,3.與pembrolizumab及paclitaxel併用於轉移性鱗狀非小細胞肺癌的第一線治療，患者需符合免疫檢查點抑制劑之藥品給付規定。(112/12/1),肺癌,轉移性鱗狀非小細胞肺癌,79
9.2.Carboplatin(如Paraplatin；Carboplatin inj)：(112/12/1、114/2/1、114/6/1、114/8/1、114/10/1、115/6/1、115/8/1),4.,4.與atezolizumab及etoposide併用，或與durvalumab及etoposide併用於擴散期(extensive stage)小細胞肺癌成人患者時，患者需符合免疫檢查點抑制劑之藥品給付規定。(112/12/1、114/2/1),肺癌,無,123
9.2.Carboplatin(如Paraplatin；Carboplatin inj)：(112/12/1、114/2/1、114/6/1、114/8/1、114/10/1、115/6/1、115/8/1),5.,5.與pembrolizumab及pemetrexed(限使用Pexeda、Apeta、Pemetrexed Sandoz或Alimta Avos)併用，或與atezolizumab及bevacizumab(限使用Alymsys、Avastin、Abevmy、Vegzelma或Mvasi)、pacl,肺癌,常的非鱗狀非小細胞肺癌,251
9.2.Carboplatin(如Paraplatin；Carboplatin inj)：(112/12/1、114/2/1、114/6/1、114/8/1、114/10/1、115/6/1、115/8/1),6.,6.與pembrolizumab及paclitaxel併用於早期三陰性乳癌(第II期至第IIIb期，cT1c N1-2或T2-4 N0-2)病人的術前前導性治療用藥，病人需符合免疫檢查點抑制劑之藥品給付規定。(114/6/1),乳癌,併用於早期三陰性乳癌,113
9.2.Carboplatin(如Paraplatin；Carboplatin inj)：(112/12/1、114/2/1、114/6/1、114/8/1、114/10/1、115/6/1、115/8/1),7.,7.與amivantamab 及pemetrexed 併用於罹患帶有表皮生長因子受體(EGFR) exon 20 插入突變之局部晚期或轉移性非小細胞肺癌(NSCLC)的成人病人，作為第一線治療。(114/10/1),肺癌,期或轉移性非小細胞肺癌,107
9.2.Carboplatin(如Paraplatin；Carboplatin inj)：(112/12/1、114/2/1、114/6/1、114/8/1、114/10/1、115/6/1、115/8/1),8.,8.與nivolumab併用於可切除（腫瘤≧4公分或淋巴結陽性N1/N2(排除N3)，且無疾病轉移M0）之不具EGFR或ALK腫瘤基因異常之非小細胞肺癌術前輔助治療成人病人，至多3個療程，且病人需符合免疫檢查點抑制劑之藥品給付規定。(115/6/1),肺癌,基因異常之非小細胞肺癌,125
9.2.Carboplatin(如Paraplatin；Carboplatin inj)：(112/12/1、114/2/1、114/6/1、114/8/1、114/10/1、115/6/1、115/8/1),9.,9.與dostarlimab及paclitaxel(除GENETAXYL CREM LESS及TAXOL以外)併用，至多使用6個療程，接續單用dostarlimab用於治療患有錯誤配對修復功能不足（dMMR）或微衛星高度不穩定性（MSI-H）之原發性晚期或首次復發性子宮內膜癌(EC）成人病人第一線治,子宮體癌,或首次復發性子宮內膜癌,182
9.3.Docetaxel：（87/7/1、92/11/1、93/8/1、95/8/1、96/1/1、99/6/1、100/1/1、101/9/1、108/1/1、113/5/1、115/6/1、115/8/1）,1.,1.本類藥品(除Doce之外)依藥品許可證登載之適應症範圍內給付於乳癌、非小細胞肺癌、前列腺癌、頭頸癌及胃腺癌之病例；倘併用其他標靶治療、免疫檢查點抑制劑等藥品時，病人須符合該併用藥品之藥品給付規定。(115/6/1、115/8/1）,"乳癌, 攝護腺癌, 肺癌, 胃癌, 頭頸癌","適應症範圍內給付於乳癌, 頭頸癌及胃腺癌",117
9.3.Docetaxel：（87/7/1、92/11/1、93/8/1、95/8/1、96/1/1、99/6/1、100/1/1、101/9/1、108/1/1、113/5/1、115/6/1、115/8/1）,2.,2.Doce及Phyxotere限給付於下列情形：(115/6/1、115/8/1）,"乳癌, 攝護腺癌, 肺癌, 胃癌, 頭頸癌","下淋巴結轉移之早期乳癌, 包括胃食道接合處之腺癌, 局部晚期或轉移性乳癌, 性的去勢敏感性前列腺癌, 早期乳癌, 晚期胃腺癌, 期或轉移性非小細胞肺癌, 療失敗之轉移性前列腺癌, 轉移之頭頸部鱗狀細胞癌",462
9.4.Gemcitabine（如Gemzar）：（92/12/1、93/8/1、94/10/1、96/5/1、99/10/1、105/2/1、114/2/1、115/2/1、115/6/1）,1.,1.本類藥品(除Gemmis之外)依藥品許可證登載之適應症範圍內給付於非小細胞肺癌、胰臟癌、膀胱癌、乳癌、卵巢癌及膽道癌之病例；倘併用其他標靶治療、免疫檢查點抑制劑等藥品時，病人須符合該併用藥品之藥品給付規定。(115/6/1）,"乳癌, 卵巢癌, 尿路上皮癌, 肺癌, 胰臟癌, 膽道癌","卵巢癌及膽道癌, 圍內給付於非小細胞肺癌",114
9.4.Gemcitabine（如Gemzar）：（92/12/1、93/8/1、94/10/1、96/5/1、99/10/1、105/2/1、114/2/1、115/2/1、115/6/1）,2.,2. Gemmis限給付於下列情形：(115/6/1）,"乳癌, 卵巢癌, 尿路上皮癌, 肺癌, 胰臟癌, 膽道癌","個月之卵巢癌, 及胰臟癌, 壺腹癌, 手術切除之非小細胞肺癌, 手術切除或轉移性之乳癌, 晚期膀胱癌, 治療或不可手術之膽道癌, 除或晚期或復發之膽道癌, 除或轉移性泌尿道上皮癌",475
9.5.1.Paclitaxel成分注射劑：(108/11/1、112/12/1、114/6/1、114/8/1、115/6/1、115/8/1),1.,1.本類藥品(除GENETAXYL CREM LESS及TAXOL以外)依藥品許可證登載之適應症範圍內給付於卵巢癌、非小細胞肺癌、乳癌及卡波西氏肉瘤之病例。(115/6/1、115/8/1）,"乳癌, 卡波西氏肉瘤, 卵巢癌, 肺癌","乳癌及卡波西氏肉瘤, 應症範圍內給付於卵巢癌",95
9.5.1.Paclitaxel成分注射劑：(108/11/1、112/12/1、114/6/1、114/8/1、115/6/1、115/8/1),2.,2.GENETAXYL CREM LESS及TAXOL限給付於下列情形：(115/6/1、115/8/1）,"乳癌, 卡波西氏肉瘤, 卵巢癌, 肺癌","失敗的轉移性乳癌, 晚期卵巢癌, 腋下淋巴轉移之乳癌",311
9.5.1.Paclitaxel成分注射劑：(108/11/1、112/12/1、114/6/1、114/8/1、115/6/1、115/8/1),3.,3.本類藥品併用其他標靶治療、免疫檢查點抑制劑等藥品時，病人須符合該併用藥品之藥品給付規定，並依下列情形使用：(115/8/1）,"乳癌, 子宮體癌, 肺癌","併用於早期三陰性乳癌, 或首次復發性子宮內膜癌, 轉移性鱗狀非小細胞肺癌",608
9.5.2.Albumin-based paclitaxel（如Abraxane）：(108/11/1),一般,(無標題),胰臟癌,做為轉移性胰腺癌,32
9.6.Streptococcus pyrogene(如Picibanil)：,一般,(無標題),無符合,限惡性腫瘤,36
9.8.Toremifene（如Fareston）：（88/6/1）,一般,(無標題),乳癌,為陽性之轉移性乳癌,47
9.9.Vinorelbine：(91/1/1、95/6/1、96/9/1、101/3/1、106/11/1),1.,1.限用於：,"乳癌, 肺癌","及轉移性乳癌, 手術切除之非小細胞肺癌",121
9.9.Vinorelbine：(91/1/1、95/6/1、96/9/1、101/3/1、106/11/1),2.,2.本成分之口服劑型與注射劑型不得併用。,無符合,無,20
9.10.Oxaliplatin：（需符合藥品許可證登載之適應症）（89/7/1、91/10/1、93/8/1、98/2/1、98/3/1、98/7/1、102/9/1、102/12/1、109/12/1、110/5/1、110/6/1、110/7/1、111/11/1、113/4/1、113/6/1、115/2/1),1.,1.和5-FU和folinic acid併用,結直腸癌,"作為第三期結腸癌, 原發腫瘤, 治療轉移性結腸直腸癌",125
9.10.Oxaliplatin：（需符合藥品許可證登載之適應症）（89/7/1、91/10/1、93/8/1、98/2/1、98/3/1、98/7/1、102/9/1、102/12/1、109/12/1、110/5/1、110/6/1、110/7/1、111/11/1、113/4/1、113/6/1、115/2/1),2.,2.與fluoropyrimidine類藥物(如capecitabine、5-FU、UFUR，但不包含TS-1)併用，可用於局部晚期及復發/轉移性胃癌之治療。(須依藥品許可證登載之適應症使用)。(98/2/1、98/3/1、98/7/1、102/9/1、102/12/1、109/12/1）,胃癌,轉移性胃癌,145
9.10.Oxaliplatin：（需符合藥品許可證登載之適應症）（89/7/1、91/10/1、93/8/1、98/2/1、98/3/1、98/7/1、102/9/1、102/12/1、109/12/1、110/5/1、110/6/1、110/7/1、111/11/1、113/4/1、113/6/1、115/2/1),3.,3.與5-fluorouracil、leucovorin及irinotecan併用(FOLFIRINOX)，作為轉移性胰臟癌之第一線治療。(110/5/1、110/6/1、110/7/1、111/11/1),胰臟癌,作為轉移性胰臟癌,103
9.10.Oxaliplatin：（需符合藥品許可證登載之適應症）（89/7/1、91/10/1、93/8/1、98/2/1、98/3/1、98/7/1、102/9/1、102/12/1、109/12/1、110/5/1、110/6/1、110/7/1、111/11/1、113/4/1、113/6/1、115/2/1),4.,4.與nivolumab及fluoropyrimidine（5-FU或capecitabine）併用於第一線治療晚期或轉移性且不具有HER2過度表現的胃癌病人，病人需符合免疫檢查點抑制劑之藥品給付規定。(113/4/1、113/6/1、115/2/1),胃癌,過度表現的胃癌,126
9.10.Oxaliplatin：（需符合藥品許可證登載之適應症）（89/7/1、91/10/1、93/8/1、98/2/1、98/3/1、98/7/1、102/9/1、102/12/1、109/12/1、110/5/1、110/6/1、110/7/1、111/11/1、113/4/1、113/6/1、115/2/1),5.,5.與nivolumab及fluoropyrimidine併用於無法接受化學放射性治療或手術切除等治癒性治療之晚期或轉移性食道鱗狀細胞癌成人病人的第一線治療，病人需符合免疫檢查點抑制劑之藥品給付規定。(115/2/1),食道癌,或轉移性食道鱗狀細胞癌,109
9.11.Uracil-Tegafur：(如Ufur)(100/1/1),1.,1.限轉移性胃癌、轉移性直腸癌、轉移性結腸癌、轉移性乳癌之病患使用（89/10/1、97/12/1）。,"乳癌, 結直腸癌, 胃癌","轉移性乳癌, 轉移性直腸癌, 轉移性結腸癌, 限轉移性胃癌",51
9.11.Uracil-Tegafur：(如Ufur)(100/1/1),2.,2.頭頸部鱗狀上皮癌(93/4/1、98/3/1、99/10/1)。,頭頸癌,無,34
9.11.Uracil-Tegafur：(如Ufur)(100/1/1),3.,3.與cisplatin併用治療轉移及末期肺癌。,肺癌,併用治療轉移及末期肺癌,24
9.11.Uracil-Tegafur：(如Ufur)(100/1/1),4.,4.直腸癌、結腸癌第Ⅱ、Ⅲ期患者之術後輔助性治療，且使用期限不得超過2年(94/10/1、97/12/1),結直腸癌,無,53
9.11.Uracil-Tegafur：(如Ufur)(100/1/1),5.,5.用於病理分期為T2且腫瘤≧3cm之肺腺癌病人，作為手術後輔助治療，使用期限以二年為限。(100/1/1),肺癌,"且腫瘤, 之肺腺癌",54
9.12.1.Irinotecan(如Campto injection)：（需符合藥品許可證登載之適應症）(90/10/1、93/8/1、110/5/1、110/7/1、110/8/1、112/2/1),1.,1.限轉移性大腸直腸癌之第一線治療藥物:,結直腸癌,限轉移性大腸直腸癌,87
9.12.1.Irinotecan(如Campto injection)：（需符合藥品許可證登載之適應症）(90/10/1、93/8/1、110/5/1、110/7/1、110/8/1、112/2/1),2.,2.與5-fluorouracil、leucovorin及oxaliplatin併用(FOLFIRINOX)，做為轉移性胰臟癌之第一線治療(限用Irino、Irinotel、Campto、Irinotecan Injection Concentrate、Irican、Innocan、Irinotec,胰臟癌,做為轉移性胰臟癌,197
9.12.2.Irinotecan微脂體注射劑(如Onivyde)：(107/8/1、114/12/1),1.,1.與5-FU及leucovorin合併使用於曾接受過gemcitabine治療後復發或惡化之轉移性胰腺癌。(107/8/1),胰臟癌,發或惡化之轉移性胰腺癌,63
9.12.2.Irinotecan微脂體注射劑(如Onivyde)：(107/8/1、114/12/1),2.,2.與oxaliplatin、5-FU和leucovorin併用，作為轉移性胰腺癌成人病人第一線治療。(114/12/1),胰臟癌,作為轉移性胰腺癌,61
9.12.2.Irinotecan微脂體注射劑(如Onivyde)：(107/8/1、114/12/1),3.,3.需經事前審查核准後使用。,無符合,無,14
9.13.Aldesleukin(如Proleukin for Injection)：(90/10/1、93/8/1),一般,(無標題),腎細胞癌,"及惡性黑色素癌, 限轉移性腎細胞癌",20
9.14.Doxorubicin hydrochloride liposome injection(如Lipo-Dox、Caelyx)：(91/3/1、93/8/1、93/11/1、99/10/1),一般,(無標題),無符合,無,18
9.14.Doxorubicin hydrochloride liposome injection(如Lipo-Dox、Caelyx)：(91/3/1、93/8/1、93/11/1、99/10/1),1.,1.用於治療曾接受第一線含platinum及paclitaxel化學治療而失敗者或再復發之進行性或轉移性卵巢癌病人。(91/3/1),卵巢癌,之進行性或轉移性卵巢癌,66
9.14.Doxorubicin hydrochloride liposome injection(如Lipo-Dox、Caelyx)：(91/3/1、93/8/1、93/11/1、99/10/1),2.,2.用於治療CD4數量低下（<200 CD4 lymphocyte/mm3）和粘膜、皮膚或內臟有病變的AIDS related Kaposi’s Sarcoma的病人。(91/3/1),無符合,無,92
9.14.Doxorubicin hydrochloride liposome injection(如Lipo-Dox、Caelyx)：(91/3/1、93/8/1、93/11/1、99/10/1),3.,3.用於單一治療有心臟疾病風險考量之轉移性乳癌患者。(93/11/1),乳癌,病風險考量之轉移性乳癌,35
9.15.Tretinoin（如Vesanoid Soft Gelatin）：（88/10/1）,一般,(無標題),白血病,限急性前髓性白血病,12
9.16.1.Topotecan注射劑（88/10/1、93/8/1、98/11/1）,1.,1.限卵巢癌及小細胞肺癌之第二線化學治療（第一線治療應包括白金化合物）。,"卵巢癌, 肺癌",限卵巢癌及小細胞肺癌,36
9.16.1.Topotecan注射劑（88/10/1、93/8/1、98/11/1）,2.,2.與cisplatin併用適用於治療經組織學檢查確定患有第IV-B期復發性或持續性子宮頸癌，且不適合以外科手術及（或）放射療法進行治療的患者。（98/11/1）,子宮頸癌,復發性或持續性子宮頸癌,81
9.16.2.Topotecan口服劑型（100/6/1）,一般,(無標題),肺癌,限用於小細胞肺癌,32
9.17.Capecitabine（如Xeloda）：（88/10/1、91/4/1、92/6/1、93/8/1、96/9/1、97/12/1、110/2/1、113/4/1、113/6/1、115/2/1）,1.,1.Capecitabine與docetaxel併用於治療對anthracycline化學治療無效之局部晚期或轉移性乳癌病患。,乳癌,之局部晚期或轉移性乳癌,63
9.17.Capecitabine（如Xeloda）：（88/10/1、91/4/1、92/6/1、93/8/1、96/9/1、97/12/1、110/2/1、113/4/1、113/6/1、115/2/1）,2.,2.用於局部晚期或轉移性乳癌，需符合下列條件之一：(110/2/1),乳癌,於局部晚期或轉移性乳癌,200
9.17.Capecitabine（如Xeloda）：（88/10/1、91/4/1、92/6/1、93/8/1、96/9/1、97/12/1、110/2/1、113/4/1、113/6/1、115/2/1）,3.,3.治療轉移性結腸直腸癌的第一線用藥。(92/6/1),結直腸癌,治療轉移性結腸直腸癌,27
9.17.Capecitabine（如Xeloda）：（88/10/1、91/4/1、92/6/1、93/8/1、96/9/1、97/12/1、110/2/1、113/4/1、113/6/1、115/2/1）,4.,4.第三期結腸癌患者手術後的輔助性療法，以八個療程為限。（96/9/1）,結直腸癌,第三期結腸癌,36
9.17.Capecitabine（如Xeloda）：（88/10/1、91/4/1、92/6/1、93/8/1、96/9/1、97/12/1、110/2/1、113/4/1、113/6/1、115/2/1）,5.,5.Capecitabine合併platinum可使用於晚期胃癌之第一線治療。(97/12/1),胃癌,可使用於晚期胃癌,48
9.17.Capecitabine（如Xeloda）：（88/10/1、91/4/1、92/6/1、93/8/1、96/9/1、97/12/1、110/2/1、113/4/1、113/6/1、115/2/1）,6.,6.與nivolumab及oxaliplatin併用於第一線治療晚期或轉移性且不具有HER2過度表現的胃癌病人，病人需符合免疫檢查點抑制劑之藥品給付規定。(113/4/1、113/6/1、115/2/1),胃癌,過度表現的胃癌,102
9.18. Trastuzumab (如Herceptin)：(91/4/1、93/8/1、95/2/1、99/1/1、99/8/1、99/10/1、101/1/1、105/11/1、108/5/1、109/2/1、111/12/1、112/10/1、113/8/1、113/12/1、114/1/1、114/5/1、114/12/1、115/7/1、115/8/1),1.,1.早期乳癌(99/1/1、99/8/1、99/10/1、101/1/1、111/12/1、112/10/1、113/8/1、113/12/1、114/1/1、114/12/1、115/7/1),乳癌,"下淋巴結轉移之早期乳癌, 且腫瘤, 早期乳癌, 遠處臟器轉移之早期乳癌, 顯示腫瘤",1650
9.18. Trastuzumab (如Herceptin)：(91/4/1、93/8/1、95/2/1、99/1/1、99/8/1、99/10/1、101/1/1、105/11/1、108/5/1、109/2/1、111/12/1、112/10/1、113/8/1、113/12/1、114/1/1、114/5/1、114/12/1、115/7/1、115/8/1),2.,2.轉移性乳癌(事審代碼：C50R1),乳癌,"上化學治療之轉移性乳癌, 單獨使用於治療腫瘤, 轉移性乳癌, 過化學治療之轉移性乳癌",390
9.18. Trastuzumab (如Herceptin)：(91/4/1、93/8/1、95/2/1、99/1/1、99/8/1、99/10/1、101/1/1、105/11/1、108/5/1、109/2/1、111/12/1、112/10/1、113/8/1、113/12/1、114/1/1、114/5/1、114/12/1、115/7/1、115/8/1),3.,3.轉移性胃癌(限IV 劑型) (事審代碼：C16R1),胃癌,"或胃食道接合處腺癌, 轉移性胃癌, 轉移性胃腺癌",146
9.18. Trastuzumab (如Herceptin)：(91/4/1、93/8/1、95/2/1、99/1/1、99/8/1、99/10/1、101/1/1、105/11/1、108/5/1、109/2/1、111/12/1、112/10/1、113/8/1、113/12/1、114/1/1、114/5/1、114/12/1、115/7/1、115/8/1),4.,4.經事前審查核准後使用，核准後早期乳癌及轉移性胃癌每24週、晚期乳癌每18週須檢附療效評估資料再次申請，若疾病有惡化情形即不應再行申請。（105/11/1、114/5/1）,"乳癌, 胃癌","及轉移性胃癌, 晚期乳癌, 核准後早期乳癌",87
9.19.Estramustine sod. phosphate monohydrate(如Estracyt)：(91/4/1),一般,(無標題),攝護腺癌,限晚期前列腺癌,22
9.19.Estramustine sod. phosphate monohydrate(如Estracyt)：(91/4/1),1.,1.經荷爾蒙治療無效。,無符合,無,11
9.19.Estramustine sod. phosphate monohydrate(如Estracyt)：(91/4/1),2.,2.經診斷對單獨使用荷爾蒙治療，具有預後療效不佳因素的初次治療病患。,無符合,無,34
9.20.Rituximab注射劑(如Mabthera，不同劑型之適用範圍需符合藥品許可證登載之適應症)：用於抗癌瘤部分(91/4/1、93/1/1、95/3/1、97/2/1、102/1/1、103/2/1、103/9/1、104/6/1、106/9/1、111/6/1、113/2/1、113/12/1、115/5/1、115/6/1),1.,1.復發或對化學療效有抗性之低惡度B細胞非何杰金氏淋巴瘤。（91/4/1）,淋巴瘤,細胞非何杰金氏淋巴瘤,37
9.20.Rituximab注射劑(如Mabthera，不同劑型之適用範圍需符合藥品許可證登載之適應症)：用於抗癌瘤部分(91/4/1、93/1/1、95/3/1、97/2/1、102/1/1、103/2/1、103/9/1、104/6/1、106/9/1、111/6/1、113/2/1、113/12/1、115/5/1、115/6/1),2.,2.併用polatuzumab vedotin或CHOP或其他化學療法，用於CD20抗原陽性之B瀰漫性大細胞非何杰金氏淋巴瘤之病患。(93/1/1、95/3/1、113/2/1),淋巴瘤,大細胞非何杰金氏淋巴瘤,89
9.20.Rituximab注射劑(如Mabthera，不同劑型之適用範圍需符合藥品許可證登載之適應症)：用於抗癌瘤部分(91/4/1、93/1/1、95/3/1、97/2/1、102/1/1、103/2/1、103/9/1、104/6/1、106/9/1、111/6/1、113/2/1、113/12/1、115/5/1、115/6/1),3.,3.併用CVP化學療法，用於未經治療之和緩性（組織型態為濾泡型）B細胞非何杰金氏淋巴瘤的病人。(95/3/1),淋巴瘤,細胞非何杰金氏淋巴瘤,55
9.20.Rituximab注射劑(如Mabthera，不同劑型之適用範圍需符合藥品許可證登載之適應症)：用於抗癌瘤部分(91/4/1、93/1/1、95/3/1、97/2/1、102/1/1、103/2/1、103/9/1、104/6/1、106/9/1、111/6/1、113/2/1、113/12/1、115/5/1、115/6/1),4.,4.作為濾泡性淋巴瘤患者於接受含rituximab誘導化學治療後產生反應(達partial remission或complete remission)之病患，若在接受含rituximab誘導化學治療前有下列情形之一者，得接受rituximab維持治療，限用八劑，每三個月使用一劑，最多不超過二年。(9,淋巴瘤,"作為濾泡性淋巴瘤, 有單一腫瘤, 有超過三顆腫瘤",357
9.20.Rituximab注射劑(如Mabthera，不同劑型之適用範圍需符合藥品許可證登載之適應症)：用於抗癌瘤部分(91/4/1、93/1/1、95/3/1、97/2/1、102/1/1、103/2/1、103/9/1、104/6/1、106/9/1、111/6/1、113/2/1、113/12/1、115/5/1、115/6/1),5.,5.慢性淋巴球性白血病：(103/2/1、111/6/1),白血病,"慢性淋巴球性白血病, 陽性慢性淋巴球性白血病",439
9.20.Rituximab注射劑(如Mabthera，不同劑型之適用範圍需符合藥品許可證登載之適應症)：用於抗癌瘤部分(91/4/1、93/1/1、95/3/1、97/2/1、102/1/1、103/2/1、103/9/1、104/6/1、106/9/1、111/6/1、113/2/1、113/12/1、115/5/1、115/6/1),6.,6.與類固醇併用，治療嗜中性白血球細胞質抗體(ANCA)陽性之肉芽腫性血管炎及顯微多發性血管炎病人：(103/9/1),無符合,無,499
9.20.Rituximab注射劑(如Mabthera，不同劑型之適用範圍需符合藥品許可證登載之適應症)：用於抗癌瘤部分(91/4/1、93/1/1、95/3/1、97/2/1、102/1/1、103/2/1、103/9/1、104/6/1、106/9/1、111/6/1、113/2/1、113/12/1、115/5/1、115/6/1),7.,7.合併bendamustine適用於先前未曾接受治療的CD20陽性、第III/IV期和緩性非何杰金氏淋巴瘤。(113/12/1),淋巴瘤,和緩性非何杰金氏淋巴瘤,65
9.20.Rituximab注射劑(如Mabthera，不同劑型之適用範圍需符合藥品許可證登載之適應症)：用於抗癌瘤部分(91/4/1、93/1/1、95/3/1、97/2/1、102/1/1、103/2/1、103/9/1、104/6/1、106/9/1、111/6/1、113/2/1、113/12/1、115/5/1、115/6/1),8.,8.合併bendamustine用於先前未曾接受治療且不適合自體幹細胞移植的第III/IV期被套細胞淋巴瘤。(113/12/1),淋巴瘤,期被套細胞淋巴瘤,64
9.20.Rituximab注射劑(如Mabthera，不同劑型之適用範圍需符合藥品許可證登載之適應症)：用於抗癌瘤部分(91/4/1、93/1/1、95/3/1、97/2/1、102/1/1、103/2/1、103/9/1、104/6/1、106/9/1、111/6/1、113/2/1、113/12/1、115/5/1、115/6/1),9.,9.Rituximab(限使用Rixathon)合併lenalidomide(限使用Revlimid)用於先前曾接受至少一線全身性治療之復發性或難治性濾泡性淋巴瘤成人病人，需符合lenalidomide之藥品給付規定。（115/5/1）,淋巴瘤,性或難治性濾泡性淋巴瘤,118
9.20.Rituximab注射劑(如Mabthera，不同劑型之適用範圍需符合藥品許可證登載之適應症)：用於抗癌瘤部分(91/4/1、93/1/1、95/3/1、97/2/1、102/1/1、103/2/1、103/9/1、104/6/1、106/9/1、111/6/1、113/2/1、113/12/1、115/5/1、115/6/1),10.,10.使用於1、4、5、6、7、8及9病人時，需經事前審查核准後使用，使用Rixathon用於1、4、5之病人除外。(102/1/1、103/2/1、103/9/1、113/12/1、115/5/1、115/6/1),無符合,無,108
"9.21.Fludarabine(如Fludara Oral, Film-Coated Tablet及Fludara Lyophilized IV Injection)：(92/12/1、93/3/1、94/10/1、99/10/1、106/11/1)",1.,1.用於B-細胞慢性淋巴性白血病（CLL）病患的起始治療及CLL與低惡性度B細胞非何杰金氏淋巴瘤(Indolent B-Cell NHL)病患，歷經至少一種標準內容的烷化基藥劑（alkylating agent）的治療方法都無效，或治療後雖有效但隨後疾病又繼續惡化的病人。,"淋巴瘤, 白血病","細胞慢性淋巴性白血病, 細胞非何杰金氏淋巴瘤",136
"9.21.Fludarabine(如Fludara Oral, Film-Coated Tablet及Fludara Lyophilized IV Injection)：(92/12/1、93/3/1、94/10/1、99/10/1、106/11/1)",2.,2.以本品作為第一線治療，限用於(94/10/1)。,無符合,無,205
9.22.Imatinib(如Glivec)：(91/5/1、93/7/1、97/8/1、99/6/1、100/2/1、102/9/1、113/6/1)附表九之八,一般,(無標題),無符合,無,3
9.22.Imatinib(如Glivec)：(91/5/1、93/7/1、97/8/1、99/6/1、100/2/1、102/9/1、113/6/1)附表九之八,1.,1.治療正值急性轉化期(blast crisis)、加速期或經ALPHA-干擾素治療無效之慢性期的慢性骨髓性白血病(CML)患者使用。,白血病,之慢性期的慢性骨髓性白血病,67
9.22.Imatinib(如Glivec)：(91/5/1、93/7/1、97/8/1、99/6/1、100/2/1、102/9/1、113/6/1)附表九之八,2.,2.用於治療初期診斷為慢性骨髓性白血病（CML）的病人。,白血病,初期診斷為慢性骨髓性白血病,28
9.22.Imatinib(如Glivec)：(91/5/1、93/7/1、97/8/1、99/6/1、100/2/1、102/9/1、113/6/1)附表九之八,3.,3.惡性胃腸道基質瘤(GIST)：,胃腸道基質瘤,"作為成人胃腸道基質瘤, 惡性胃腸道基質瘤, 轉移的惡性胃腸道基質瘤",217
9.22.Imatinib(如Glivec)：(91/5/1、93/7/1、97/8/1、99/6/1、100/2/1、102/9/1、113/6/1)附表九之八,4.,4.治療初診斷為費城染色體陽性急性淋巴性白血病（Ph+ALL)且併用化療之成年人。(99/6/1),白血病,染色體陽性急性淋巴性白血病,49
9.22.Imatinib(如Glivec)：(91/5/1、93/7/1、97/8/1、99/6/1、100/2/1、102/9/1、113/6/1)附表九之八,5.,5.未曾使用imatinib治療之成人復發性或難治性費城染色體陽性急性淋巴性白血病(Ph+ALL)之單一療法。(99/6/1),白血病,染色體陽性急性淋巴性白血病,63
9.22.Imatinib(如Glivec)：(91/5/1、93/7/1、97/8/1、99/6/1、100/2/1、102/9/1、113/6/1)附表九之八,6.,6.下列適應症患者必須在第一線的藥物如hydroxyurea; corticosteroid等無效後，經事前審查核准才可使用，且每6個月需重新申請審查。(99/6/1),白血病,或慢性嗜伊紅性白血病,230
9.22.Imatinib(如Glivec)：(91/5/1、93/7/1、97/8/1、99/6/1、100/2/1、102/9/1、113/6/1)附表九之八,7.,7.治療患有無法手術切除、復發性或轉移性且有血小板衍生生長因子受體(PDGFR)基因重組之隆突性皮膚纖維肉瘤(DFSP)之成人患者。(99/6/1),無符合,重組之隆突性皮膚纖維肉瘤,74
9.22.Imatinib(如Glivec)：(91/5/1、93/7/1、97/8/1、99/6/1、100/2/1、102/9/1、113/6/1)附表九之八,8.,8.1~7項規定內之疾病診斷或追蹤若需依據基因檢測報告，則需符合全民健康保險藥品給付規定之通則十二。(113/6/1),無符合,無,59
9.23.Arsenic trioxide(如Asadin Inj.)：(91/8/1、92/9/1),一般,(無標題),白血病,限用於急性前骨髓細胞白血病,16
9.24.Gefitinib(如Iressa):(93/11/1、96/8/1、96/11/1、100/6/1、101/5/1、101/10/1、103/5/1、106/11/1、 108/6/1、108/11/1、109/4/1、109/6/1、109/10/1、111/2/1、111/4/1、113/3/1、113/6/1、113/10/1、115/8/1),1.,1.限單獨使用於,肺癌,"之肺腺癌, 局部惡化或轉移之肺腺癌",209
9.24.Gefitinib(如Iressa):(93/11/1、96/8/1、96/11/1、100/6/1、101/5/1、101/10/1、103/5/1、106/11/1、 108/6/1、108/11/1、109/4/1、109/6/1、109/10/1、111/2/1、111/4/1、113/3/1、113/6/1、113/10/1、115/8/1),2.,2.使用注意事項(106/11/1、109/4/1、109/10/1、111/4/1、113/3/1、115/8/1）,肺癌,"歷應留存確實患有肺腺癌, 部侵犯性或轉移性肺腺癌",1073
9.25.Temozolomide(如Temodal)：(94/3/1、97/1/1、98/9/1、111/9/1)附表八之二,一般,(無標題),無符合,無,3
9.25.Temozolomide(如Temodal)：(94/3/1、97/1/1、98/9/1、111/9/1)附表八之二,1.,1.經手術或放射線治療後復發之下列病人：,腦瘤,"多形神經膠母細胞瘤, 退行性寡樹突膠質細胞瘤, 退行性星狀細胞瘤",154
9.25.Temozolomide(如Temodal)：(94/3/1、97/1/1、98/9/1、111/9/1)附表八之二,2.,2.新診斷的多形神經膠母細胞瘤，與放射線治療同步進行，然後作為輔助性治療。（97/1/1）,腦瘤,斷的多形神經膠母細胞瘤,45
9.25.Temozolomide(如Temodal)：(94/3/1、97/1/1、98/9/1、111/9/1)附表八之二,3.,3.需經事前審查核准後使用，每日最大劑量200mg/m2。每次申請事前審查之療程以三個月為限，再次申請必須提出客觀證據（如：影像學）證實無惡化，才可繼續使用。(98/9/1、111/9/1),無符合,無,95
9.26.Pemetrexed(如Alimta)：(95/3/1、95/7/1、97/11/1、98/9/1、103/4/1、103/9/1、106/11/1、111/2/1、114/6/1、114/8/1、114/10/1、115/8/1),1.,1.限用於,"肺癌, 間質細胞瘤","常的非鱗狀非小細胞肺癌, 期或轉移性非小細胞肺癌, 用於惡性肋膜間質細胞瘤, 用於非鱗狀非小細胞肺癌",634
9.26.Pemetrexed(如Alimta)：(95/3/1、95/7/1、97/11/1、98/9/1、103/4/1、103/9/1、106/11/1、111/2/1、114/6/1、114/8/1、114/10/1、115/8/1),2.,2.每4個療程需進行療效評估，病歷應留存評估紀錄，無疾病惡化方可繼續使用。(103/4/1、103/9/1、106/11/1),無符合,無,63
9.27.Cetuximab(如Erbitux)：(96/3/1、98/7/1、98/8/1、99/10/1、101/12/1、104/11/1、106/1/1、106/4/1、107/6/1、110/6/1、111/2/1、112/12/1、113/6/1、115/2/1、115/5/1),1.,1.直腸結腸癌治療部分：,結直腸癌,"之轉移性直腸結腸癌, 直腸結腸癌, 突變的轉移性直腸結腸癌, 突變的轉移性結腸直腸癌",1039
9.27.Cetuximab(如Erbitux)：(96/3/1、98/7/1、98/8/1、99/10/1、101/12/1、104/11/1、106/1/1、106/4/1、107/6/1、110/6/1、111/2/1、112/12/1、113/6/1、115/2/1、115/5/1),2.,2.口咽癌、下咽癌及喉癌治療部分：(98/7/1、99/10/1、111/2/1、115/2/1),頭頸癌,"下咽癌及喉癌, 使用於局部晚期之口咽癌",262
9.27.Cetuximab(如Erbitux)：(96/3/1、98/7/1、98/8/1、99/10/1、101/12/1、104/11/1、106/1/1、106/4/1、107/6/1、110/6/1、111/2/1、112/12/1、113/6/1、115/2/1、115/5/1),3.,3.頭頸癌部分(106/1/1、106/4/1、112/12/1、115/2/1)：,頭頸癌,轉移性頭頸部鱗狀細胞癌,154
9.28.Bortezomib（如Velcade）：（96/6/1、98/2/1、99/3/1、99/9/1、100/10/1、101/6/1、105/5/1、109/4/1、109/6/1、111/1/1、112/4/1）附表九之三,一般,(無標題),無符合,無,3
9.28.Bortezomib（如Velcade）：（96/6/1、98/2/1、99/3/1、99/9/1、100/10/1、101/6/1、105/5/1、109/4/1、109/6/1、111/1/1、112/4/1）附表九之三,1.,1.合併其他癌症治療藥品使用於多發性骨髓瘤病人：(99/3/1、100/10/1、101/6/1、109/4/1、109/6/1、111/1/1、112/4/1),多發性骨髓瘤,"合併其他癌, 治療藥品使用於多發性骨髓瘤",858
9.28.Bortezomib（如Velcade）：（96/6/1、98/2/1、99/3/1、99/9/1、100/10/1、101/6/1、105/5/1、109/4/1、109/6/1、111/1/1、112/4/1）附表九之三,2.,"2.被套細胞淋巴瘤（Mantle Cell Lymphoma, MCL）病人：(98/2/1、105/5/1)",淋巴瘤,被套細胞淋巴瘤,166
9.29. Erlotinib（如Tarceva）：（96/6/1、96/8/1、97/6/1、101/5/1、101/10/1、102/4/1、102/11/1、103/5/1、106/11/1、108/6/1、108/11/1、109/4/1、109/6/1、109/10/1、111/2/1、111/4/1、113/3/1、113/6/1、113/9/1、113/10/1、114/3/1、114/4/1、115/8/1）,1.,1.限單獨使用於,肺癌,"之肺腺癌, 化或轉移之非小細胞肺癌, 局部晚期或轉移性肺腺癌, 轉移之腺性非小細胞肺癌",404
9.29. Erlotinib（如Tarceva）：（96/6/1、96/8/1、97/6/1、101/5/1、101/10/1、102/4/1、102/11/1、103/5/1、106/11/1、108/6/1、108/11/1、109/4/1、109/6/1、109/10/1、111/2/1、111/4/1、113/3/1、113/6/1、113/9/1、113/10/1、114/3/1、114/4/1、115/8/1）,2.,2.Erlotinib與bevacizumab(除Zirabev以外)併用，作為無法手術切除的轉移性（第Ⅳ期）且帶有表皮生長因子受體(EGFR) Exon 21 L858R活性化突變之腦轉移非鱗狀非小細胞肺癌病患的第一線治療。(113/3/1、113/9/1、114/3/1、114/4/1）,肺癌,轉移非鱗狀非小細胞肺癌,146
9.29. Erlotinib（如Tarceva）：（96/6/1、96/8/1、97/6/1、101/5/1、101/10/1、102/4/1、102/11/1、103/5/1、106/11/1、108/6/1、108/11/1、109/4/1、109/6/1、109/10/1、111/2/1、111/4/1、113/3/1、113/6/1、113/9/1、113/10/1、114/3/1、114/4/1、115/8/1）,3.,3.使用注意事項(106/11/1、109/4/1、109/10/1、111/4/1、115/8/1）,肺癌,"存確實患有非小細胞肺癌, 歷應留存確實患有肺腺癌, 部侵犯性或轉移性肺腺癌",1434
9.30.Dasatinib(如Sprycel)：(98/1/1、102/4/1、104/12/1、110/5/1、113/6/1、115/2/1),一般,(無標題),無符合,無,3
9.30.Dasatinib(如Sprycel)：(98/1/1、102/4/1、104/12/1、110/5/1、113/6/1、115/2/1),1.,1.第一線使用(102/4/1、104/12/1、110/5/1)：,白血病,"性之慢性期慢性骨髓性白血病, 染色體陽性急性淋巴性白血病",141
9.30.Dasatinib(如Sprycel)：(98/1/1、102/4/1、104/12/1、110/5/1、113/6/1、115/2/1),2.,2.第二線使用(104/12/1)：,白血病,"染色體陽性急性淋巴性白血病, 速或急性期慢性骨髓性白血病",188
9.30.Dasatinib(如Sprycel)：(98/1/1、102/4/1、104/12/1、110/5/1、113/6/1、115/2/1),3.,3.治療患有慢性期費城染色體陽性慢性骨髓性白血病(Ph+ CML) 之1歲以上的兒童病人。(110/5/1),白血病,染色體陽性慢性骨髓性白血病,54
9.30.Dasatinib(如Sprycel)：(98/1/1、102/4/1、104/12/1、110/5/1、113/6/1、115/2/1),4.,4.1~3項規定內之疾病診斷或追蹤若需依據基因檢測報告，則需符合全民健康保險藥品給付規定之通則十二。(113/6/1),無符合,無,59
9.30.Dasatinib(如Sprycel)：(98/1/1、102/4/1、104/12/1、110/5/1、113/6/1、115/2/1),5.,5.Dasatinib、nilotinib與bosutinib不得合併使用。(115/2/1),無符合,無,47
9.31. Sunitinib（如Sutent）：（98/2/1、98/5/1、99/1/1、99/2/1、101/5/1、102/1/1、104/12/1、110/12/1、112/3/1）,1.,1.腸胃道間質腫瘤：,無符合,"能忍受之腸胃道間質腫瘤, 腸胃道間質腫瘤",176
9.31. Sunitinib（如Sutent）：（98/2/1、98/5/1、99/1/1、99/2/1、101/5/1、102/1/1、104/12/1、110/12/1、112/3/1）,2.,2. 晚期腎細胞癌：（99/1/1、110/12/1、112/3/1）,腎細胞癌,"晚期腎細胞癌, 療晚期或轉移性腎細胞癌",194
9.31. Sunitinib（如Sutent）：（98/2/1、98/5/1、99/1/1、99/2/1、101/5/1、102/1/1、104/12/1、110/12/1、112/3/1）,3.,3.進展性，無法切除或轉移性分化良好之胰臟神經內分泌腫瘤的成人病患，須同時符合下列條件：(101/5/1）,無符合,"好之胰臟神經內分泌腫瘤, 胰臟神經內分泌瘤",169
9.32.1.Nilotinib 200mg(如Tasigna 200mg)（98/6/1、99/1/1、104/12/1、113/6/1、115/2/1）,1.,1. 限用於治療對imatinib 400MG(含)以上耐受性不良或治療無效的「慢性期或加速期費城染色體(Philadelphia chromosome)陽性的慢性骨髓性白血病(CML)成年患者」。,白血病,陽性的慢性骨髓性白血病,99
9.32.1.Nilotinib 200mg(如Tasigna 200mg)（98/6/1、99/1/1、104/12/1、113/6/1、115/2/1）,2.,2.必須檢附耐受性不良或治療無效的證明。(104/12/1),無符合,無,30
9.32.1.Nilotinib 200mg(如Tasigna 200mg)（98/6/1、99/1/1、104/12/1、113/6/1、115/2/1）,3.,3.Nilotinib、dasatinib與bosutinib不得合併使用。（98/6/1、99/1/1、104/12/1、115/2/1),無符合,無,70
9.32.1.Nilotinib 200mg(如Tasigna 200mg)（98/6/1、99/1/1、104/12/1、113/6/1、115/2/1）,4.,4.1~2項規定內之疾病診斷或追蹤若需依據基因檢測報告，則需符合全民健康保險藥品給付規定之通則十二。(113/6/1),無符合,無,59
9.32.2.Nilotinib 150mg(如Tasigna 150mg)：(101/7/1、104/12/1、113/6/1),1.,1.限用於新確診之慢性期費城染色體陽性的慢性骨髓性白血病。(104/12/1),白血病,色體陽性的慢性骨髓性白血病,39
9.32.2.Nilotinib 150mg(如Tasigna 150mg)：(101/7/1、104/12/1、113/6/1),2.,2.疾病診斷或追蹤若需依據基因檢測報告，則需符合全民健康保險藥品給付規定之通則十二。(113/6/1),無符合,無,51
9.33.Thalidomide（如Thado）：(98/7/1),一般,(無標題),多發性骨髓瘤,治療新診斷多發性骨髓瘤,82
9.34.Sorafenib(如Nexavar)：(98/10/1、100/6/1、101/8/1、104/12/1、105/11/1、106/1/1、107/7/1、108/6/1、108/12/1、109/1/1、112/8/1、114/2/1、114/6/1),1.,1.晚期腎細胞癌部分：,腎細胞癌,晚期腎細胞癌,215
9.34.Sorafenib(如Nexavar)：(98/10/1、100/6/1、101/8/1、104/12/1、105/11/1、106/1/1、107/7/1、108/6/1、108/12/1、109/1/1、112/8/1、114/2/1、114/6/1),2.,2.晚期肝細胞癌部分：(101/8/1、105/11/1、108/6/1、109/1/1、112/8/1、114/2/1、114/6/1),肝癌,晚期肝細胞癌,496
9.34.Sorafenib(如Nexavar)：(98/10/1、100/6/1、101/8/1、104/12/1、105/11/1、106/1/1、107/7/1、108/6/1、108/12/1、109/1/1、112/8/1、114/2/1、114/6/1),3.,3.用於放射性碘治療無效之局部晚期或轉移性的進行性(progressive)分化型甲狀腺癌(RAI-RDTC)：(106/1/1),甲狀腺癌,分化型甲狀腺癌,201
9.35.carmustine植入劑(如Gliadel Wafer)：(100/2/1)附表八之四,1.,1.作為復發性多形神經膠母細胞瘤病人的手術輔助，且不得與temozolomide併用。,腦瘤,發性多形神經膠母細胞瘤,43
9.35.carmustine植入劑(如Gliadel Wafer)：(100/2/1)附表八之四,2.,2.需經事前審查核准後使用。,無符合,無,14
9.36.1.Everolimus 5mg及10mg(如Afinitor 5mg及10mg)：（100/2/1、102/1/1、104/9/1、104/12/1、106/3/1、108/10/1、109/4/1、114/12/1）,1.,1.治療經VEGF-targeted療法無效後之晚期腎細胞癌患者。,腎細胞癌,法無效後之晚期腎細胞癌,33
9.36.1.Everolimus 5mg及10mg(如Afinitor 5mg及10mg)：（100/2/1、102/1/1、104/9/1、104/12/1、106/3/1、108/10/1、109/4/1、114/12/1）,2.,2.使用於胰臟神經內分泌腫瘤成人病患，需同時符合下列條件：（102/1/1）,無符合,"為進展性腫瘤, 用於胰臟神經內分泌腫瘤, 移的成人胰臟內分泌腫瘤",210
9.36.1.Everolimus 5mg及10mg(如Afinitor 5mg及10mg)：（100/2/1、102/1/1、104/9/1、104/12/1、106/3/1、108/10/1、109/4/1、114/12/1）,3.,3.使用於無法切除、局部晚期或轉移之胃腸道或肺部來源之非功能性神經內分泌腫瘤成人病患，需同時符合下列條件：（108/10/1）,無符合,"為進展性腫瘤, 非功能性神經內分泌腫瘤",145
9.36.1.Everolimus 5mg及10mg(如Afinitor 5mg及10mg)：（100/2/1、102/1/1、104/9/1、104/12/1、106/3/1、108/10/1、109/4/1、114/12/1）,4.,4.與exemestane併用，作為先前已使用過非類固醇類之芳香環酶抑制劑治療無效，而未曾使用exemestane之荷爾蒙接受體陽性、HER2受體陰性且尚未出現器官轉移危急症狀 (visceral crisis)之轉移性乳癌病人的治療。本品與tucidinostat僅得擇一使用，除因耐受性不良，不得,乳癌,之轉移性乳癌,205
9.36.1.Everolimus 5mg及10mg(如Afinitor 5mg及10mg)：（100/2/1、102/1/1、104/9/1、104/12/1、106/3/1、108/10/1、109/4/1、114/12/1）,5.,5.除晚期腎細胞癌之外，其他疾病需經事前審查核准後使用，每次申請之療程以3個月為限。初次申請時需檢送病理報告及影像報告，之後每3個月申請一次，再次申請時需檢附影像資料及前次治療結果評估資料證實無惡化，才可繼續使用。(104/12/1、108/10/1),腎細胞癌,除晚期腎細胞癌,126
9.36.1.Everolimus 5mg及10mg(如Afinitor 5mg及10mg)：（100/2/1、102/1/1、104/9/1、104/12/1、106/3/1、108/10/1、109/4/1、114/12/1）,6.,6.限每日最大劑量為10mg。（108/10/1）,無符合,無,25
9.36.2.Everolimus 2.5mg及5mg(如Votubia)：（102/1/1、106/4/1、111/2/1）,1.,1.治療患有結節性硬化症(tuberous sclerosis)之腦室管膜下巨細胞星狀瘤(SEGA: subependymal giant cell astrocytoma)：,無符合,腦室管膜下巨細胞星狀瘤,280
9.36.2.Everolimus 2.5mg及5mg(如Votubia)：（102/1/1、106/4/1、111/2/1）,2.,2.結節性硬化症併有腎血管肌脂肪瘤之成年病患，且需符合以下條件(106/4/1、111/2/1)：,無符合,"以上腫瘤, 公分以上的腫瘤, 其腎血管肌脂肪瘤, 出血或確認病灶有血管瘤, 化症併有腎血管肌脂肪瘤, 若腫瘤",488
9.37.Bevacizumab(如Avastin)：（100/6/1、101/05/1、106/4/1、108/3/1、109/6/1、112/8/1、113/3/1、113/6/1、113/9/1、114/3/1、114/6/1、114/8/1、114/10/1),1.,1.轉移性大腸或直腸癌：,結直腸癌,"作為轉移性大腸或直腸癌, 變的轉移性大腸或直腸癌, 轉移性大腸或直腸癌",717
9.37.Bevacizumab(如Avastin)：（100/6/1、101/05/1、106/4/1、108/3/1、109/6/1、112/8/1、113/3/1、113/6/1、113/9/1、114/3/1、114/6/1、114/8/1、114/10/1),2.,2.惡性神經膠質瘤(WHO第4級)-神經膠母細胞瘤：,腦瘤,"之多型性神經膠母細胞瘤, 惡性神經膠質瘤",194
9.37.Bevacizumab(如Avastin)：（100/6/1、101/05/1、106/4/1、108/3/1、109/6/1、112/8/1、113/3/1、113/6/1、113/9/1、114/3/1、114/6/1、114/8/1、114/10/1),3.,3.卵巢上皮細胞、輸卵管或原發性腹膜癌：(109/6/1、113/3/1、113/9/1、114/3/1、114/6/1、114/8/1、114/10/1),卵巢癌,"或原發性腹膜癌, 晚期高度惡性上皮卵巢癌, 輸卵管或原發性腹膜癌, 輸卵管腫瘤",1120
9.37.Bevacizumab(如Avastin)：（100/6/1、101/05/1、106/4/1、108/3/1、109/6/1、112/8/1、113/3/1、113/6/1、113/9/1、114/3/1、114/6/1、114/8/1、114/10/1),4.,4.持續性、復發性或轉移性之子宮頸癌：(109/6/1、113/3/1),子宮頸癌,發性或轉移性之子宮頸癌,246
9.37.Bevacizumab(如Avastin)：（100/6/1、101/05/1、106/4/1、108/3/1、109/6/1、112/8/1、113/3/1、113/6/1、113/9/1、114/3/1、114/6/1、114/8/1、114/10/1),5.,5.晚期、轉移性或復發性非鱗狀非小細胞肺癌(除Zirabev及Abevmy以外)：(113/3/1、113/6/1、113/9/1、114/3/1),肺癌,"發性非鱗狀非小細胞肺癌, 轉移非鱗狀非小細胞肺癌",425
9.37.Bevacizumab(如Avastin)：（100/6/1、101/05/1、106/4/1、108/3/1、109/6/1、112/8/1、113/3/1、113/6/1、113/9/1、114/3/1、114/6/1、114/8/1、114/10/1),6.,6.與atezolizumab併用適用於未曾使用過全身性治療用藥之轉移性或無法手術切除且不適合局部治療或局部治療失敗之Child-Pugh A class晚期肝細胞癌，患者需符合atezolizumab之藥品給付規定。(112/8/1),肝癌,晚期肝細胞癌,118
9.37.Bevacizumab(如Avastin)：（100/6/1、101/05/1、106/4/1、108/3/1、109/6/1、112/8/1、113/3/1、113/6/1、113/9/1、114/3/1、114/6/1、114/8/1、114/10/1),7.,7. Bevacizumab(限使用Alymsys、Avastin、Abevmy、Vegzelma或Mvasi)與atezolizumab及carboplatin、paclitaxel併用於轉移性非鱗狀非小細胞肺癌第一線治療，患者需符合免疫檢查點抑制劑之藥品給付規定。(114/6/1、114/8/1,肺癌,無,151
9.38.Temsirolimus(如Torisel)：（101/1/1）附表九之十一,1.,1.需經事前審查核准後使用，每次給付3個月藥量，送審時需檢送影像資料，每3個月評估一次。,腎細胞癌,"型的高風險晚期腎細胞癌, 距離初次診斷出腎細胞癌",279
9.38.Temsirolimus(如Torisel)：（101/1/1）附表九之十一,2.,"2.病人若對藥物產生耐受性不佳（intolerance），則以原來藥物減量為原則，若嚴重耐受性不佳，可以換其他酪胺酸激酶阻斷劑（tyrosine kinase inhibitor, TKI）。",無符合,無,96
9.39.Flutamide；buserelin：（90/8/1、101/7/1）,1.,1.晚期（包括T3、淋巴腺轉移、器官轉移）之腫瘤。,無符合,之腫瘤,25
9.39.Flutamide；buserelin：（90/8/1、101/7/1）,2.,2.攝護腺癌病人接受根除性攝護腺切除手術治療後，PSA逐漸升高有局部復發或遠處轉移之情況。,攝護腺癌,無,45
9.39.Flutamide；buserelin：（90/8/1、101/7/1）,3.,3.癌症臨床期別為T2、T3，準備接受根除性攝護腺切除手術治療或其他定效治療，包括irradiation之前為求tumor volume reduction，作為neoadjuvant治療之目的。,無符合,無,98
9.40.Bicalutamide：（89/10/1、101/7/1）,一般,(無標題),攝護腺癌,法併用於進展性攝護腺癌,31
9.41.Pazopanib（如Votrient）：（101/8/1、104/4/1、106/3/1、110/12/1、112/10/1）附表九之十三,1.,1.腎細胞癌：（106/3/1、110/12/1）,腎細胞癌,"其病理上為亮細胞癌, 療晚期或轉移性腎細胞癌",218
9.41.Pazopanib（如Votrient）：（101/8/1、104/4/1、106/3/1、110/12/1、112/10/1）附表九之十三,2.,2.軟組織肉瘤：（104/4/1、112/10/1）,"胃腸道基質瘤, 軟組織肉瘤","化療失敗的晚期軟組織肉瘤, 原發性神經外胚層腫瘤, 惡性肉瘤, 橫紋肌惡性肉瘤, 突起性表皮纖維惡性腫瘤, 脂肪惡性肉瘤, 軟骨惡性肉瘤, 須排除胃腸道基質瘤, 骨性惡性肉瘤",308
9.42.Bendamustine（如Innomustine）：(101/10/1、103/2/1、108/10/1、113/2/1),1.,1.以本品作為第一線治療，限用於Binet C級之慢性淋巴性白血病病人(CLL)或Binet B級併有免疫性症候(如自體免疫性溶血、免疫性血小板低下紫瘢症等)相關疾病之CLL病人。,白血病,級之慢性淋巴性白血病,90
9.42.Bendamustine（如Innomustine）：(101/10/1、103/2/1、108/10/1、113/2/1),2.,2.用於B-細胞慢性淋巴性白血病（CLL）病患Binet B及C之第二線治療，在經歷至少一種標準內容的烷化基藥劑（alkylating agent）治療方法無效，或治療後雖有效但隨後疾病又繼續惡化進展的病人。,白血病,細胞慢性淋巴性白血病,104
9.42.Bendamustine（如Innomustine）：(101/10/1、103/2/1、108/10/1、113/2/1),3.,3.曾接受至少一種化療之和緩性非何杰金氏淋巴瘤，六個月內曾以rituximab治療失敗之單一治療。(103/2/1),淋巴瘤,和緩性非何杰金氏淋巴瘤,58
9.42.Bendamustine（如Innomustine）：(101/10/1、103/2/1、108/10/1、113/2/1),4.,4. 合併rituximab適用於先前未曾接受治療的CD20陽性、第III/IV期和緩性非何杰金氏淋巴瘤。(108/10/1),淋巴瘤,和緩性非何杰金氏淋巴瘤,63
9.42.Bendamustine（如Innomustine）：(101/10/1、103/2/1、108/10/1、113/2/1),5.,5. 合併rituximab用於先前未曾接受治療且不適合自體幹細胞移植的第III/IV期被套細胞淋巴瘤。(108/10/1),淋巴瘤,期被套細胞淋巴瘤,62
9.42.Bendamustine（如Innomustine）：(101/10/1、103/2/1、108/10/1、113/2/1),6.,6.可與polatuzumab vedotin和rituximab併用，適用於第三線治療復發型(relapsed)或難治型(refractory)且未曾接受及不適合接受造血幹細胞移植的瀰漫性大型B細胞淋巴瘤（DLBCL）成年病人，患者需符合polatuzumab vedotin之藥品給付規定。(11,淋巴瘤,細胞淋巴瘤,156
9.42.Bendamustine（如Innomustine）：(101/10/1、103/2/1、108/10/1、113/2/1),7.,7.不得與fludarabine合併使用。(103/2/1),無符合,無,30
9.42.Bendamustine（如Innomustine）：(101/10/1、103/2/1、108/10/1、113/2/1),8.,8.須經事前審查核准後使用，每次申請最多六個（月）療程；若為依前述第6項與polatuzumab vedotin和rituximab併用時，每次申請最多3個療程，且最多給付6個療程。(101/10/1、113/2/1)。,無符合,無,110
9.43.Lenalidomide(如Revlimid)：（101/12/1、106/10/1、109/2/1、109/8/1、112/4/1、114/10/1、115/3/1、115/4/1、115/5/1）,1.,1.多發性骨髓瘤：,多發性骨髓瘤,"一種治療失敗之多發性骨髓瘤, 血幹細胞移植的多發性骨髓瘤",1769
9.43.Lenalidomide(如Revlimid)：（101/12/1、106/10/1、109/2/1、109/8/1、112/4/1、114/10/1、115/3/1、115/4/1、115/5/1）,2.,2.瀰漫性大型B細胞淋巴瘤：(114/10/1、115/3/1、115/4/1),淋巴瘤,細胞淋巴瘤,253
9.43.Lenalidomide(如Revlimid)：（101/12/1、106/10/1、109/2/1、109/8/1、112/4/1、114/10/1、115/3/1、115/4/1、115/5/1）,3.,3.Lenalidomide(限使用Revlimid)與rituximab(限使用Rixathon)併用，治療先前曾接受至少一線全身性治療之復發性或難治性濾泡性淋巴瘤成人病人：（115/5/1）,淋巴瘤,"性或難治性濾泡性淋巴瘤, 有三顆以上之腫瘤, 有單一腫瘤",497
9.44.1.Azacitidine 注射劑（如Vidaza）：（102/1/1、111/5/1、111/8/1、112/2/1、112/8/1、114/3/1、114/8/1、114/12/1）,1.,"1.骨髓增生不良症候群高危險性病患：頑固性貧血併有過量芽細胞（RA with excess blasts, RAEB）、轉變中的頑固性貧血併有過量芽細胞（RAEB in transformation, RAEB-T）、及慢性骨髓單核細胞性白血病（chronic myelomonocytic leuk",白血病,及慢性骨髓單核細胞性白血病,541
9.44.1.Azacitidine 注射劑（如Vidaza）：（102/1/1、111/5/1、111/8/1、112/2/1、112/8/1、114/3/1、114/8/1、114/12/1）,2.,"2.Azacitidine(除Winduza及Azacitidine Lyophilized Inj 100mg""GBC""以外)併用venetoclax，使用於無法接受高強度化學治療之初診斷急性骨髓性白血病(AML)病人。(114/8/1)",白血病,療之初診斷急性骨髓性白血病,474
9.44.2.Azacitidine 口服製劑（如Onureg）：(114/5/1、114/10/1）,1.,1.	用於不適合接受造血幹細胞移植(HSCT)之急性骨髓性白血病 (AML)成人病人，作為維持治療，且須同時符合下列條件：,白血病,之急性骨髓性白血病,246
9.44.2.Azacitidine 口服製劑（如Onureg）：(114/5/1、114/10/1）,2.,2.	需經事前審查核准後使用，初次申請為3個療程，需檢附染色體檢測結果報告；每3個療程需再次申請，可治療至疾病復發 (定義為周邊血或骨髓觀察到的芽細胞超過5%或新出現髓外侵犯)或無法耐受藥物毒性為止。,無符合,無,100
9.44.2.Azacitidine 口服製劑（如Onureg）：(114/5/1、114/10/1）,3.,3.	每人以24個療程為上限。,無符合,無,15
9.44.2.Azacitidine 口服製劑（如Onureg）：(114/5/1、114/10/1）,4.,4.	不得與midostaurin、venetoclax及gilteritinib等標靶藥品併用。,無符合,無,49
9.44.2.Azacitidine 口服製劑（如Onureg）：(114/5/1、114/10/1）,5.,5.	病人接受本藥物治療後，不再給付造血幹細胞移植。,無符合,無,26
9.44.2.Azacitidine 口服製劑（如Onureg）：(114/5/1、114/10/1）,6.,6.本藥品與quizartinib僅得擇一使用，除因耐受性不良，不得互換。(114/10/1),無符合,無,47
9.45.Afatinib（如Giotrif）：(103/5/1、106/11/1、108/6/1、108/11/1、109/4/1、109/6/1、109/10/1、111/4/1、113/3/1、113/6/1、113/10/1、115/8/1),1.,1. 限單獨使用於：,肺癌,"之肺腺癌, 之鱗狀組織非小細胞肺癌",187
9.45.Afatinib（如Giotrif）：(103/5/1、106/11/1、108/6/1、108/11/1、109/4/1、109/6/1、109/10/1、111/4/1、113/3/1、113/6/1、113/10/1、115/8/1),2.,2.使用注意事項(106/11/1、108/6/1、109/4/1、109/10/1、111/4/1、113/3/1、115/8/1）,肺癌,"之鱗狀組織非小細胞肺癌, 局部晚期或轉移性肺腺癌, 歷應留存確實患有肺腺癌, 部侵犯性或轉移性肺腺癌",1092
9.46.Tegafur/gimeracil/oteracil複方製劑(如TS-1）：(103/6/1、105/12/1、109/2/1、113/2/1),1.,1.治療局部晚期無法手術切除或轉移性胰臟癌病人。,胰臟癌,手術切除或轉移性胰臟癌,24
9.46.Tegafur/gimeracil/oteracil複方製劑(如TS-1）：(103/6/1、105/12/1、109/2/1、113/2/1),2.,2.胃癌(105/12/1),胃癌,胃癌且接受過胃癌,94
9.46.Tegafur/gimeracil/oteracil複方製劑(如TS-1）：(103/6/1、105/12/1、109/2/1、113/2/1),3.,3.非小細胞肺癌(109/2/1),肺癌,或轉移性之非小細胞肺癌,80
9.46.Tegafur/gimeracil/oteracil複方製劑(如TS-1）：(103/6/1、105/12/1、109/2/1、113/2/1),4.,4.與gemcitabine合併使用作為晚期或復發之膽道癌第一線治療。(113/2/1),膽道癌,作為晚期或復發之膽道癌,44
9.47.Lapatinib（如Tykerb）：（103/9/1、106/11/1、110/2/1、114/2/1）,1.,"1.與capecitabine併用，使用於曾接受anthracycline, taxane以及trastuzumab治療後病況惡化之轉移性乳癌併有腦部轉移，且為HER2過度表現(IHC3+或FISH+)病人。",乳癌,化之轉移性乳癌,104
9.47.Lapatinib（如Tykerb）：（103/9/1、106/11/1、110/2/1、114/2/1）,2.,2.每3個月需進行療效評估，病歷應留存評估紀錄，無疾病惡化方可繼續使用。(106/11/1),無符合,無,46
9.47.Lapatinib（如Tykerb）：（103/9/1、106/11/1、110/2/1、114/2/1）,3.,3. Lapatinib、trastuzumab emtansine和trastuzumab deruxtecan僅能擇一給付，不得互換。(110/2/1、114/2/1),無符合,無,86
9.48.Eribulin（如Halaven）：（103/12/1、106/11/1、108/12/1、110/2/1）,1.,1.轉移性乳癌：,乳癌,"兩種針對轉移性乳癌, 於治療上述之轉移性乳癌, 用於治療轉移性乳癌, 轉移性乳癌",213
9.48.Eribulin（如Halaven）：（103/12/1、106/11/1、108/12/1、110/2/1）,2.,2.脂肪肉瘤：(108/12/1),無符合,"手術切除或轉移性脂肪肉瘤, 脂肪肉瘤",137
9.49. Abiraterone(如Zytiga）：（103/12/1、105/9/1、106/9/1、108/3/1、109/5/1、109/10/1、110/2/1、110/3/1、110/11/1、111/3/1、112/9/1、113/8/1、113/9/1、114/6/1）,1.,1.與雄性素去除療法及prednisone或prednisolone併用，治療新診斷高風險轉移性的去勢敏感性前列腺癌(mCSPC)的成年男性(ECOG分數須≦1)。高風險需符合下列三項條件中至少兩項：(109/5/1、110/2/1、113/8/1）,攝護腺癌,性的去勢敏感性前列腺癌,220
9.49. Abiraterone(如Zytiga）：（103/12/1、105/9/1、106/9/1、108/3/1、109/5/1、109/10/1、110/2/1、110/3/1、110/11/1、111/3/1、112/9/1、113/8/1、113/9/1、114/6/1）,2.,2.與prednisone或prednisolone併用，治療藥物或手術去勢抗性的轉移性前列腺癌(mCRPC)，且在雄性素去除療法失敗後屬無症狀或輕度症狀(ECOG分數0或1)，未曾接受化學治療者：（106/9/1）,攝護腺癌,"勢抗性的轉移性前列腺癌, 演化成去勢抗性前列腺癌",287
9.49. Abiraterone(如Zytiga）：（103/12/1、105/9/1、106/9/1、108/3/1、109/5/1、109/10/1、110/2/1、110/3/1、110/11/1、111/3/1、112/9/1、113/8/1、113/9/1、114/6/1）,3.,3.與prednisone或prednisolone併用，治療藥物或手術去勢抗性的轉移性前列腺癌(ECOG分數須≦2)且已使用過docetaxel 2個療程以上治療無效者。,攝護腺癌,勢抗性的轉移性前列腺癌,86
9.49. Abiraterone(如Zytiga）：（103/12/1、105/9/1、106/9/1、108/3/1、109/5/1、109/10/1、110/2/1、110/3/1、110/11/1、111/3/1、112/9/1、113/8/1、113/9/1、114/6/1）,4.,4.與olaparib及prednisone或prednisolone，用於具germline或 somatic BRCA 1/2致病性或疑似致病性突變之成人病人，患者需符合olaparib藥品給付規定。(114/6/1),無符合,無,111
9.49. Abiraterone(如Zytiga）：（103/12/1、105/9/1、106/9/1、108/3/1、109/5/1、109/10/1、110/2/1、110/3/1、110/11/1、111/3/1、112/9/1、113/8/1、113/9/1、114/6/1）,5.,5.前述1、2、3項須經事前審查核准後使用，每3個月需再次申請。（111/3/1）,攝護腺癌,"去勢抗性前列腺癌, 性的去勢敏感性前列腺癌",412
9.49. Abiraterone(如Zytiga）：（103/12/1、105/9/1、106/9/1、108/3/1、109/5/1、109/10/1、110/2/1、110/3/1、110/11/1、111/3/1、112/9/1、113/8/1、113/9/1、114/6/1）,6.,6.不論病人處於轉移或非轉移的狀態下，新型荷爾蒙藥品(abiraterone、apalutamide、darolutamide和enzalutamide) 及olaparib 與 abiraterone併用，終生僅給付一種治療，且除非出現嚴重不耐受反應導致必須永久停止治療，不得互換。(112/9/1,無符合,無,159
9.49. Abiraterone(如Zytiga）：（103/12/1、105/9/1、106/9/1、108/3/1、109/5/1、109/10/1、110/2/1、110/3/1、110/11/1、111/3/1、112/9/1、113/8/1、113/9/1、114/6/1）,7.,7.本品與radium-223 dichloride不得合併使用。(108/3/1),無符合,無,42
9.50.Crizotinib (如Xalkori)：(104/9/1、106/11/1、107/5/1、108/7/1、108/9/1、108/12/1、110/7/1、111/2/1、111/8/1、112/11/1、113/6/1、113/9/1),一般,(無標題),肺癌,"具確實患有非小細胞肺癌, 陽性之晚期非小細胞肺癌",652
9.51.Regorafenib（如Stivarga）：（104/9/1、105/8/1、107/12/1、108/6/1、110/5/1、110/6/1、113/6/1）,1.,1.轉移性大腸直腸癌(mCRC)：,結直腸癌,"療法的轉移性大腸直腸癌, 轉移性大腸直腸癌",307
9.51.Regorafenib（如Stivarga）：（104/9/1、105/8/1、107/12/1、108/6/1、110/5/1、110/6/1、113/6/1）,2.,2.胃腸道間質瘤(GIST) (105/8/1）,胃腸道基質瘤,"或轉移性的胃腸道間質瘤, 胃腸道間質瘤",127
9.51.Regorafenib（如Stivarga）：（104/9/1、105/8/1、107/12/1、108/6/1、110/5/1、110/6/1、113/6/1）,3.,3.肝細胞癌(HCC)：(108/6/1、110/5/1),肝癌,晚期肝細胞癌,243
9.51.Regorafenib（如Stivarga）：（104/9/1、105/8/1、107/12/1、108/6/1、110/5/1、110/6/1、113/6/1）,4.,4.本藥品不得與trifluridine/tipiracil併用。(107/12/1),無符合,無,43
9.52.Vemurafenib(如Zelboraf)：(104/11/1、110/3/1、113/6/1）,1.,1. 用於治療BRAF V600突變陽性ECOG≤2且罹患無法切除(第ⅢC期)或轉移性(第Ⅳ期)黑色素瘤之病人。需檢附BRAF V600基因突變分析檢測報告，且需符合全民健康保險藥品給付規定之通則十二。(113/6/1),黑色素瘤,無,110
9.52.Vemurafenib(如Zelboraf)：(104/11/1、110/3/1、113/6/1）,2.,2.需經事前審查核准後使用，每次申請療程以三個月為限，如發現病情惡化應停止使用。再申請應檢附前次治療結果評估資料。,無符合,無,57
9.52.Vemurafenib(如Zelboraf)：(104/11/1、110/3/1、113/6/1）,3.,3.本品與dabrafenib (併用trametinib) 僅能擇一使用，除因耐受性不良，不得互換。(110/3/1）,無符合,無,60
9.53.Panitumumab（如Vectibix）：(105/4/1、107/6/1、110/6/1、113/6/1、115/2/1),1.,1. 與FOLFOX（folinicacid/ 5-fluorouracil/oxaliplatin）或FOLFIRI（folinic acid/ 5-fluorouracil/irinotecan）合併使用於治療RAS原生型(wild-type)之轉移性直腸結腸癌病人之第一線治療。需檢附All-R,結直腸癌,之轉移性直腸結腸癌,408
9.53.Panitumumab（如Vectibix）：(105/4/1、107/6/1、110/6/1、113/6/1、115/2/1),2.,2.治療已接受過含 5 fluorouracil 、 irinotecan 及oxaliplatin二線以上之細胞毒性治療失敗、RAS原生型(wild-type)的轉移性直腸結腸癌的病人。需檢附All-RAS基因突變分析檢測報告，且需符合全民健康保險藥品給付規定之通則十二。 (115/2/1),結直腸癌,的轉移性直腸結腸癌,268
9.54. Enzalutamide（如Xtandi）：（105/9/1、106/9/1、108/3/1、109/10/1、110/3/1、110/11/1、111/3/1、112/9/1、113/8/1、114/6/1、114/10/1）,1.,1.治療高風險非轉移性去勢抗性前列腺癌(high risk nmCRPC)的成年男性。(112/9/1),攝護腺癌,轉移性去勢抗性前列腺癌,554
9.54. Enzalutamide（如Xtandi）：（105/9/1、106/9/1、108/3/1、109/10/1、110/3/1、110/11/1、111/3/1、112/9/1、113/8/1、114/6/1、114/10/1）,2.,2.治療高風險轉移性的去勢敏感性前列腺癌(mCSPC)，且與雄性素去除療法併用，總療程以36個月為上限。高風險需符合下列三項條件中至少兩項：（111/3/1、113/8/1、114/10/1）,攝護腺癌,性的去勢敏感性前列腺癌,191
9.54. Enzalutamide（如Xtandi）：（105/9/1、106/9/1、108/3/1、109/10/1、110/3/1、110/11/1、111/3/1、112/9/1、113/8/1、114/6/1、114/10/1）,3.,3.治療藥物或手術去勢抗性的轉移性前列腺癌(mCRPC)，且在雄性素去除療法失敗後屬無症狀或輕度症狀(ECOG分數0或1)，未曾接受化學治療者：(106/9/1),攝護腺癌,"勢抗性的轉移性前列腺癌, 演化成去勢抗性前列腺癌",261
9.54. Enzalutamide（如Xtandi）：（105/9/1、106/9/1、108/3/1、109/10/1、110/3/1、110/11/1、111/3/1、112/9/1、113/8/1、114/6/1、114/10/1）,4.,4.治療藥物或手術去勢抗性的轉移性前列腺癌(ECOG分數須≦2)且已使用過docetaxel 2個療程以上治療無效者。,攝護腺癌,勢抗性的轉移性前列腺癌,59
9.54. Enzalutamide（如Xtandi）：（105/9/1、106/9/1、108/3/1、109/10/1、110/3/1、110/11/1、111/3/1、112/9/1、113/8/1、114/6/1、114/10/1）,5.,5.前述2、3、4項須經事前審查核准後使用，每3個月需再次申請。（111/3/1、112/9/1）,無符合,無,236
9.54. Enzalutamide（如Xtandi）：（105/9/1、106/9/1、108/3/1、109/10/1、110/3/1、110/11/1、111/3/1、112/9/1、113/8/1、114/6/1、114/10/1）,6.,6.去勢抗性前列腺癌(CRPC)病患若於化學治療前先使用過enzalutamide，當化學治療失敗後不得再申請使用enzalutamide。(106/9/1),攝護腺癌,去勢抗性前列腺癌,79
9.54. Enzalutamide（如Xtandi）：（105/9/1、106/9/1、108/3/1、109/10/1、110/3/1、110/11/1、111/3/1、112/9/1、113/8/1、114/6/1、114/10/1）,7.,7.不論病人處於轉移或非轉移的狀態下，新型荷爾蒙藥品(abiraterone、apalutamide、darolutamide和enzalutamide) 及olaparib 與 abiraterone併用，終生僅給付一種治療，且除非出現嚴重不耐受反應導致必須永久停止治療，不得互換。(112/9/1,無符合,無,159
9.54. Enzalutamide（如Xtandi）：（105/9/1、106/9/1、108/3/1、109/10/1、110/3/1、110/11/1、111/3/1、112/9/1、113/8/1、114/6/1、114/10/1）,8.,8.本品與radium-223 dichloride不得合併使用。(108/3/1),無符合,無,42
9.55.Ruxolitinib(如Jakavi)：(105/10/1、113/3/1、113/6/1、114/1/1、114/10/1),1.,1.用於治療International Working  Group(IWG) Consensus Criteria中度風險-2或高風險之骨髓纖維化，包括原發性骨髓纖維化、真性紅血球增多症後骨髓纖維化、或血小板增多症後骨髓纖維化等疾病所造成脾臟腫大(symptomatic splenomegaly),無符合,無,980
9.55.Ruxolitinib(如Jakavi)：(105/10/1、113/3/1、113/6/1、114/1/1、114/10/1),2.,2.移植物抗宿主疾病，限用Jakavi 5mg，每日最多使用4 粒。(113/3/1),無符合,無,1308
9.56. Brentuximab vedotin(如Adcetris)：(105/10/1、106/4/1、109/2/1、111/2/1、114/12/1),一般,(無標題),無符合,無,8
9.56. Brentuximab vedotin(如Adcetris)：(105/10/1、106/4/1、109/2/1、111/2/1、114/12/1),1.,1.何杰金氏淋巴瘤(HL)：（111/2/1),淋巴瘤,"何杰金氏淋巴瘤, 期何杰金氏淋巴瘤",747
9.56. Brentuximab vedotin(如Adcetris)：(105/10/1、106/4/1、109/2/1、111/2/1、114/12/1),2.,2.全身性退行分化型大細胞淋巴瘤(systemic anaplastic large cell lymphoma；sALCL)：（111/2/1),淋巴瘤,退行分化型大細胞淋巴瘤,548
9.56. Brentuximab vedotin(如Adcetris)：(105/10/1、106/4/1、109/2/1、111/2/1、114/12/1),3.,3.CD30+皮膚T細胞淋巴瘤(CTCL)：（111/2/1、114/12/1）,淋巴瘤,"的腫瘤, 細胞淋巴瘤, 退行分化型大細胞淋巴瘤",326
9.57.Clofarabine（如Evoltra）：（106/1/1、109/12/1）,1.,1.使用於先前接受至少兩種化療療程(如TPOG之療程表)治療無效或已復發第二次或以上之急性淋巴母細胞白血病(acute lymphoblastic leukemia)病，且計畫進行造血幹細胞移植的病人(限21歲以下)，每位病人限給付一療程。,白血病,以上之急性淋巴母細胞白血病,120
9.57.Clofarabine（如Evoltra）：（106/1/1、109/12/1）,2.,2.須事前審查核准後使用，申請時須檢附完整之造血幹細胞移植計畫，並詳細記載確認捐贈者名單、確認移植之執行醫院及移植前調適治療等資料。,無符合,無,66
9.57.Clofarabine（如Evoltra）：（106/1/1、109/12/1）,3.,3.不得與blinatumomab併用。（109/12/1）,無符合,無,30
9.58.Axitinib(如Inlyta)：（106/1/1、108/12/1）,1.,1.治療已接受過sunitinib或cytokine治療失敗的晚期腎細胞癌病患。,腎細胞癌,治療失敗的晚期腎細胞癌,40
9.58.Axitinib(如Inlyta)：（106/1/1、108/12/1）,2.,2.無效後則不給付temsirolimus。(108/12/1),無符合,無,32
9.58.Axitinib(如Inlyta)：（106/1/1、108/12/1）,3.,3.需經事前審查核准後使用，每次申請之療程以3個月為限，送審時需檢送影像資料，每3個月評估一次。,無符合,無,48
9.59.Ceritinib(如Zykadia)：(106/9/1、106/11/1、108/7/1、108/12/1、111/2/1、111/8/1、112/11/1、113/6/1),一般,(無標題),肺癌,"具確實患有非小細胞肺癌, 陽性之晚期非小細胞肺癌",466
9.60.Alectinib(如Alecensa)：(106/11/1、108/12/1、111/2/1、111/8/1、112/11/1、113/6/1),一般,(無標題),肺癌,"具確實患有非小細胞肺癌, 陽性之晚期非小細胞肺癌",452
9.61.Ibrutinib (如Imbruvica)：(106/11/1、108/9/1、111/1/1、112/7/1、112/12/1、113/2/1、114/10/1、115/5/1),1.,1.單獨使用於先前接受過至少一種化學或標靶治療方式無效或復發的被套細胞淋巴瘤成年病人。（106/11/1、112/7/1、112/12/1、115/5/1),淋巴瘤,或復發的被套細胞淋巴瘤,342
9.61.Ibrutinib (如Imbruvica)：(106/11/1、108/9/1、111/1/1、112/7/1、112/12/1、113/2/1、114/10/1、115/5/1),2.,2.單獨使用於慢性淋巴球性白血病(CLL)成年病人。（108/9/1、112/7/1、113/2/1、115/5/1),白血病,獨使用於慢性淋巴球性白血病,967
9.62. Pomalidomide(如Pomalyst):(107/1/1、109/2/1、112/4/1、113/9/1),1.,1.與dexamethasone合併使用，核准用於多發性骨髓瘤病人，且先前接受過含lenalidomide和bortezomib在內的至少兩種療法，且確認完成前次治療時或結束治療後六十天內發生疾病惡化(disease progression)。,多發性骨髓瘤,核准用於多發性骨髓瘤,122
9.62. Pomalidomide(如Pomalyst):(107/1/1、109/2/1、112/4/1、113/9/1),2.,2.限與elotuzumab及dexamethasone併用，治療之前曾接受過至少兩種療法（包括lenalidomide和蛋白酶體抑制劑）的多發性骨髓瘤成年病人。（113/9/1）,多發性骨髓瘤,的多發性骨髓瘤,90
9.62. Pomalidomide(如Pomalyst):(107/1/1、109/2/1、112/4/1、113/9/1),3.,3.需經事前審查核准後使用：（107/1/1、112/4/1）,多發性骨髓瘤,無,972
9.62. Pomalidomide(如Pomalyst):(107/1/1、109/2/1、112/4/1、113/9/1),4.,4.每人終生以10個療程為上限，Pomado則每人以6個療程為上限。（107/1/1、112/4/1、113/9/1）,無符合,無,59
9.62. Pomalidomide(如Pomalyst):(107/1/1、109/2/1、112/4/1、113/9/1),5.,5.不得與其他蛋白酶體抑制劑(proteasome inhibitor)或免疫調節劑(immunomodulatory drugs)併用。 (109/2/1、112/4/1),無符合,無,87
9.62. Pomalidomide(如Pomalyst):(107/1/1、109/2/1、112/4/1、113/9/1),6.,6.112年3月31日以前已核定用藥之病人，得經事前審查核准後，使用至總療程上限（即終生10個療程，Pomado則每人6個療程）或使用期間發生疾病惡化為止。（112/4/1、113/9/1）,無符合,無,95
9.62. Pomalidomide(如Pomalyst):(107/1/1、109/2/1、112/4/1、113/9/1),7.,7.每日最多處方1粒(113/9/1),無符合,無,19
"9.63. Lenvatinib(如Lenvima)：(107/7/1、109/1/1、109/8/1、112/8/1、114/2/1、114/6/1)
1.用於放射性碘治療無效之局部晚期或轉移性的進行性(progressive)分化型甲狀腺癌(RAI-RDTC)：",一般,(無標題),無符合,無,89
"9.63. Lenvatinib(如Lenvima)：(107/7/1、109/1/1、109/8/1、112/8/1、114/2/1、114/6/1)
1.用於放射性碘治療無效之局部晚期或轉移性的進行性(progressive)分化型甲狀腺癌(RAI-RDTC)：",2.,2.晚期肝細胞癌部分：(109/1/1、109/8/1、112/8/1、114/2/1、114/6/1),肝癌,晚期肝細胞癌,524
9.64.Blinatumomab(如Blincyto)：(107/9/1、109/12/1、112/12/1),1.,1.	適用於治療先前接受至少兩種化療療程(如TPOG之療程表)治療無效或已復發第二次或以上費城染色體陰性復發型或頑固型B細胞前驅因子之急性淋巴芽細胞白血病之(Ph(-) Relapse/Refractory B-cell precursor Acute Lymphoblastic Leukemia；,白血病,因子之急性淋巴芽細胞白血病,213
9.64.Blinatumomab(如Blincyto)：(107/9/1、109/12/1、112/12/1),2.,2.用於復發型或頑固型B細胞前驅細胞之急性淋巴芽細胞白血病之未滿18歲兒童病人，且計畫進行造血幹細胞移植的病人，每位病人限給付2療程，不得與clofarabine併用。（109/12/1）,白血病,細胞之急性淋巴芽細胞白血病,94
9.64.Blinatumomab(如Blincyto)：(107/9/1、109/12/1、112/12/1),3.,3.用於治療微量殘留病灶(MRD)陽性B細胞前驅細胞之急性淋巴芽細胞白血病：(112/12/1),白血病,細胞之急性淋巴芽細胞白血病,595
9.64.Blinatumomab(如Blincyto)：(107/9/1、109/12/1、112/12/1),4.,4.	須事前審查核准後使用，申請時須檢附完整之造血幹細胞移植計畫，並詳細記載確認捐贈者名單、確認移植之執行醫院及移植前調適治療等資料。,無符合,無,67
9.64.Blinatumomab(如Blincyto)：(107/9/1、109/12/1、112/12/1),5.,5.病人已依前述第3項獲得給付治療者，不得再申請前述之第1、2項給付治療。(112/12/1),無符合,無,47
9.65.Pralatrexate(如Folotyn)：(107/10/1、110/5/1),1.,1.用於接受化學治療失敗後之復發或頑固性周邊T細胞淋巴瘤(PTCL)病患，作為進行骨髓/造血幹細胞移植期間之銜接治療。,淋巴瘤,細胞淋巴瘤,59
9.65.Pralatrexate(如Folotyn)：(107/10/1、110/5/1),2.,2.需經事前審查核准後使用，初次申請時應檢附移植計劃資料。,無符合,無,29
9.65.Pralatrexate(如Folotyn)：(107/10/1、110/5/1),3.,3.每人至多給付3個療程，第1個療程後需進行疾病評估，若病情仍持續惡化，應即停止使用。（110/5/1）,無符合,無,52
9.66.Trifluridine/tipiracil(如Lonsurf)：(107/12/1、109/12/1、110/6/1、113/6/1、115/2/1、115/6/1),1.,1.轉移性大腸直腸癌：(107/12/1、109/12/1、110/6/1、113/6/1、115/2/1、115/6/1),結直腸癌,"療法的轉移性大腸直腸癌, 轉移性大腸直腸癌",336
9.66.Trifluridine/tipiracil(如Lonsurf)：(107/12/1、109/12/1、110/6/1、113/6/1、115/2/1、115/6/1),2.,2.轉移性胃癌：(109/12/1、115/2/1)：用於治療先前曾接受兩種(含)以上治療（包括含fluoropyrimidine–、platinum–、taxane–或 irinotecan為基礎的化學療法，以及HER2/neu標靶治療[如果適合]）的轉移性胃腺癌或胃食道接合處腺癌病人。,胃癌,"或胃食道接合處腺癌, 的轉移性胃腺癌, 轉移性胃癌",145
9.66.Trifluridine/tipiracil(如Lonsurf)：(107/12/1、109/12/1、110/6/1、113/6/1、115/2/1、115/6/1),3.,3.病歷應留存確診之病理或檢查報告及影像診斷證明等，並紀錄治療相關臨床資料，以備查核。倘病人臨床症狀或影像顯示疾病惡化，則應停藥。(115/2/1),無符合,無,74
9.67.Ponatinib(如Iclusig)：(107/12/1、113/6/1、115/2/1),1.,1.用於費城染色體陽性或BCR-ABL融合基因陽性之慢性骨髓性白血病(CML)或急性淋巴性白血病(ALL)成人患者，且符合下列條件之一：,白血病,"基因陽性之慢性骨髓性白血病, 急性淋巴性白血病, 或急性期之慢性骨髓性白血病, 或急性淋巴性白血病",254
9.67.Ponatinib(如Iclusig)：(107/12/1、113/6/1、115/2/1),2.,2.需經事前審查核准後使用。首次申請事前審查之療程以3個月為限，之後每3個月需再次申請，再次申請時應檢附前次治療結果評估資料，包含BCR-ABL定量RT-PCR報告。,無符合,無,83
9.67.Ponatinib(如Iclusig)：(107/12/1、113/6/1、115/2/1),3.,3.若使用後未出現治療反應、無法耐受藥物副作用或疾病進展，則必須停止使用。,無符合,無,37
9.67.Ponatinib(如Iclusig)：(107/12/1、113/6/1、115/2/1),4.,4.1~3項規定內之疾病診斷或追蹤若需依據基因檢測報告，則需符合全民健康保險藥品給付規定之通則十二。(113/6/1),無符合,無,59
9.68.Radium-223(如Xofigo)：(108/3/1),一般,(無標題),攝護腺癌,於治療去勢抗性攝護腺癌,87
9.68.Radium-223(如Xofigo)：(108/3/1),1.,1.	患者須合併有症狀之骨轉移且骨轉移≧2處,無符合,無,22
9.68.Radium-223(如Xofigo)：(108/3/1),2.,2.	每位患者最高使用六個療程,無符合,無,15
9.68.Radium-223(如Xofigo)：(108/3/1),3.,3.	須經事前審查核准後使用，申請時需檢附：,無符合,無,97
9.68.Radium-223(如Xofigo)：(108/3/1),4.,4.	不得合併使用abiraterone、enzalutamide及其他治療因惡性腫瘤伴隨骨骼事件之藥品，如denosumab、bisphosphonates等。,無符合,及其他治療因惡性腫瘤,81
9.69.免疫檢查點抑制劑(如atezolizumab；nivolumab；pembrolizumab；avelumab；ipilimumab；durvalumab；tremelimumab；cemiplimab製劑)：(108/4/1、108/6/1、109/4/1、109/6/1、109/11/1、110/5/1、110/10/1、111/4/1、111/6/1、112/8/1、112/10/1、112/12/1、113/2/1、113/4/1、113/5/1、113/6/1、113/8/1、114/1/1、114/2/1、114/6/1、114/8/1、114/10/1、115/2/1、115/4/1、115/5/1、115/6/1、115/8/1),1.,1.本類藥品得於藥品許可證登載之適應症及藥品仿單內，單獨使用於下列患者：,"尿路上皮癌, 淋巴瘤, 結直腸癌, 肝癌, 肺癌, 胃癌, 腎細胞癌, 頭頸癌, 食道癌, 黑色素瘤","不含鼻咽癌, 之晚期鱗狀非小細胞肺癌, 之非小細胞肺癌, 其病理上為亮細胞癌, 典型何杰金氏淋巴瘤, 化的典型何杰金氏淋巴瘤, 型之晚期非小細胞肺腺癌, 或復發性食道鱗狀細胞癌, 或轉移性泌尿上皮癌, 晚期肝細胞癌, 晚期腎細胞癌, 無法手術切除且腫瘤, 疾病惡化之晚期腎細胞癌, 疾病惡化的轉移性胃腺癌, 療之轉移性泌尿道上皮癌, 第三期或第四期黑色素瘤, 轉移性第四期默克細胞癌, 轉移性胃癌, 轉移性非小細胞肺癌, 除或轉移性泌尿道上皮癌, 非鱗狀癌, 鱗狀癌, 鱗狀非小細胞肺癌, 默克細胞癌",2064
9.69.免疫檢查點抑制劑(如atezolizumab；nivolumab；pembrolizumab；avelumab；ipilimumab；durvalumab；tremelimumab；cemiplimab製劑)：(108/4/1、108/6/1、109/4/1、109/6/1、109/11/1、110/5/1、110/10/1、111/4/1、111/6/1、112/8/1、112/10/1、112/12/1、113/2/1、113/4/1、113/5/1、113/6/1、113/8/1、114/1/1、114/2/1、114/6/1、114/8/1、114/10/1、115/2/1、115/4/1、115/5/1、115/6/1、115/8/1),2.,2.本類藥品得於藥品許可證登載之適應症及藥品仿單內，併用其他藥品於下列患者：,"乳癌, 子宮體癌, 尿路上皮癌, 肝癌, 肺癌, 胃癌, 膽道癌, 食道癌","不含胃腸基質瘤, 及神經內分泌腫瘤, 壺腹癌, 局部晚期或轉移性膽道癌, 常的非鱗狀非小細胞肺癌, 惡性肋膜間皮瘤, 或轉移性食道鱗狀細胞癌, 或首次復發性子宮內膜癌, 早期三陰性乳癌, 晚期肝細胞癌, 法切除之惡性肋膜間皮瘤, 用於早期三陰性乳癌, 移性非鱗狀非小細胞肺癌, 轉移性鱗狀非小細胞肺癌, 過度表現的胃癌, 除或轉移性泌尿道上皮癌, 鱗狀細胞非小細胞肺癌",2928
9.69.免疫檢查點抑制劑(如atezolizumab；nivolumab；pembrolizumab；avelumab；ipilimumab；durvalumab；tremelimumab；cemiplimab製劑)：(108/4/1、108/6/1、109/4/1、109/6/1、109/11/1、110/5/1、110/10/1、111/4/1、111/6/1、112/8/1、112/10/1、112/12/1、113/2/1、113/4/1、113/5/1、113/6/1、113/8/1、114/1/1、114/2/1、114/6/1、114/8/1、114/10/1、115/2/1、115/4/1、115/5/1、115/6/1、115/8/1),3.,3.使用條件：,"乳癌, 尿路上皮癌, 淋巴瘤, 肝癌, 肺癌, 腎細胞癌, 膽道癌, 頭頸癌, 黑色素瘤","不含鼻咽癌, 中發現有殘餘的侵襲性癌, 付適應症內容規定之腫瘤, 併用於惡性肋膜間皮瘤, 併用於晚期肝細胞癌, 使用於早期三陰性乳癌, 其他癌, 典型何杰金氏淋巴瘤, 或泌尿道上皮癌, 於泌尿道上皮癌, 晚期肝細胞癌以及膽道癌, 晚期腎細胞癌, 用於早期三陰性乳癌, 用於非小細胞肺癌, 用於頭頸部鱗狀細胞癌, 確實患有相關癌, 藥及非鱗狀非小細胞肺癌, 術前前導性治療腫瘤, 道上皮癌, 適用於檢測非小細胞肺癌",3366
9.69.免疫檢查點抑制劑(如atezolizumab；nivolumab；pembrolizumab；avelumab；ipilimumab；durvalumab；tremelimumab；cemiplimab製劑)：(108/4/1、108/6/1、109/4/1、109/6/1、109/11/1、110/5/1、110/10/1、111/4/1、111/6/1、112/8/1、112/10/1、112/12/1、113/2/1、113/4/1、113/5/1、113/6/1、113/8/1、114/1/1、114/2/1、114/6/1、114/8/1、114/10/1、115/2/1、115/4/1、115/5/1、115/6/1、115/8/1),4.,4.登錄與結案作業：(109/11/1、114/1/1）,無符合,無,173
9.70. Pertuzumab(如Perjeta)：(108/5/1、108/12/1、112/8/1、113/12/1、114/1/1、114/5/1、114/12/1),1.,1.本藥品與trastuzumab及化學療法併用於具HER2過度表現（IHC3+或FISH+），且具腋下淋巴結轉移但無遠處臟器轉移之早期乳癌病人（113/12/1、114/5/1、114/12/1）,乳癌,遠處臟器轉移之早期乳癌,391
9.70. Pertuzumab(如Perjeta)：(108/5/1、108/12/1、112/8/1、113/12/1、114/1/1、114/5/1、114/12/1),2.,2.轉移性乳癌(108/5/1、108/12/1、112/8/1、113/12/1),乳癌,"使用於轉移性乳癌, 先前於早期乳癌, 惟於早期乳癌, 轉移性乳癌",500
9.71. Venetoclax (如Venclexta)：(108/9/1、110/7/1、112/7/1、114/8/1、114/10/1),1.,1.單獨使用於具有17p 缺失的慢性淋巴球性白血病(CLL) 成年患者。（108/9/1、112/7/1、114/10/1),白血病,缺失的慢性淋巴球性白血病,641
9.71. Venetoclax (如Venclexta)：(108/9/1、110/7/1、112/7/1、114/8/1、114/10/1),2.,"2.併用低劑量cytarabine或azacitidine(除Winduza及Azacitidine Lyophilized Inj 100mg""GBC""以外)，使用於無法接受高強度化學治療之初診斷急性骨髓性白血病(AML)病人：(110/7/1、114/8/1)",白血病,療之初診斷急性骨髓性白血病,550
9.72.CDK4/6抑制劑 (如 ribociclib；palbociclib)：(108/10/1、108/12/1、109/4/1、109/10/1、110/5/1、110/10/1、113/1/1、113/3/1、114/7/1、115/1/1),1.,1.用於停經後乳癌婦女發生遠端轉移後之全身性藥物治療，須完全符合以下條件：(109/10/1、110/5/1、110/10/1、113/1/1),乳癌,用於停經後乳癌,336
9.72.CDK4/6抑制劑 (如 ribociclib；palbociclib)：(108/10/1、108/12/1、109/4/1、109/10/1、110/5/1、110/10/1、113/1/1、113/3/1、114/7/1、115/1/1),2.,2.用於停經前/正在停經乳癌婦女及男性乳癌發生遠端轉移後之全身性藥物治療，須與芳香環轉化酶抑制劑及GnRH analogue 併用。（113/1/1、114/7/1）,乳癌,"婦女及男性乳癌, 正在停經乳癌",196
9.72.CDK4/6抑制劑 (如 ribociclib；palbociclib)：(108/10/1、108/12/1、109/4/1、109/10/1、110/5/1、110/10/1、113/1/1、113/3/1、114/7/1、115/1/1),3.,3.限palbociclib與fulvestrant併用於治療曾接受過內分泌療法之局部晚期或轉移性乳癌病人，且須完全符合下列條件：(115/1/1),乳癌,之局部晚期或轉移性乳癌,187
9.72.CDK4/6抑制劑 (如 ribociclib；palbociclib)：(108/10/1、108/12/1、109/4/1、109/10/1、110/5/1、110/10/1、113/1/1、113/3/1、114/7/1、115/1/1),4.,4.經事前審查核准後使用，核准後每24週須檢附療效評估資料再次申請，若疾病惡化即必須停止使用，且後續不得再申請使用ribociclib、palbociclib。（110/10/1）,無符合,無,90
9.72.CDK4/6抑制劑 (如 ribociclib；palbociclib)：(108/10/1、108/12/1、109/4/1、109/10/1、110/5/1、110/10/1、113/1/1、113/3/1、114/7/1、115/1/1),5.,5.使用限制：,乳癌,"或於晚期乳癌, 若先前於早期乳癌",248
9.72.CDK4/6抑制劑 (如 ribociclib；palbociclib)：(108/10/1、108/12/1、109/4/1、109/10/1、110/5/1、110/10/1、113/1/1、113/3/1、114/7/1、115/1/1),6.,6.110年9月30日以前已核定用藥之病人，得經事前審查核准後，使用至總療程(即終生24個月)或總療程期間疾病惡化為止，且後續不得再申請使用本類藥品。（110/10/1、113/1/1）,無符合,無,93
9.72.CDK4/6抑制劑 (如 ribociclib；palbociclib)：(108/10/1、108/12/1、109/4/1、109/10/1、110/5/1、110/10/1、113/1/1、113/3/1、114/7/1、115/1/1),7.,7.若先前使用 everolimus 無效後，不得再申請本類藥品。(109/4/1),無符合,無,42
9.73.Inotuzumab ozogamicin (如Besponsa)：(108/11/1、112/12/1),1.,1.適用於治療患有復發型或頑固型且CD22為陽性之B細胞前驅因子之急性淋巴芽細胞白血病(B-ALL)，且計畫進行造血幹細胞移植之成人病患。,白血病,因子之急性淋巴芽細胞白血病,69
9.73.Inotuzumab ozogamicin (如Besponsa)：(108/11/1、112/12/1),2.,2.上述成人病患如具費城染色體陽性(Ph+)，應至少使用過兩種酪胺酸激酶抑制劑(TKI)藥物治療無效。,無符合,無,51
9.73.Inotuzumab ozogamicin (如Besponsa)：(108/11/1、112/12/1),3.,3.每位病人限給付2療程，需事前審查核准後使用。申請時需檢附完整之造血幹細胞移植計畫，並詳細記載確認移植之執行醫院及移植前調適治療等資料。,無符合,無,69
9.73.Inotuzumab ozogamicin (如Besponsa)：(108/11/1、112/12/1),4.,4.不得與blinatumomab（如Blincyto）或酪胺酸激酶抑制劑(TKI)（如imatinib、dasatinib、ponatinib）等併用。,無符合,無,77
9.73.Inotuzumab ozogamicin (如Besponsa)：(108/11/1、112/12/1),5.,5.病人若已依達完全緩解但仍有殘餘疾病(MRD)之條件取得 blinatumomab 給付同意並接受治療後，MRD若未消失但疾病仍在完全緩解時，不得申請給付inotuzumab ozogamicin。（112/12/1）,無符合,無,110
9.74.Cabozantinib (如Cabometyx)： (108/12/1、110/12/1、114/8/1),1.,1.腎細胞癌(108/12/1、110/12/1),腎細胞癌,"治療無效的晚期腎細胞癌, 重度風險晚期腎細胞癌",320
9.74.Cabozantinib (如Cabometyx)： (108/12/1、110/12/1、114/8/1),2.,2.甲狀腺癌(114/8/1),甲狀腺癌,無,146
9.74.Cabozantinib (如Cabometyx)： (108/12/1、110/12/1、114/8/1),3.,3.每日限用1粒。,無符合,無,9
9.75. Carfilzomib (如Kyprolis)：(109/2/1、112/4/1、113/4/1),1.,1.與dexamethasone合併使用於先前曾接受含bortezomib及lenalidomide兩種治療後無法耐受或惡化之病患，且須具有良好日常體能狀態(ECOG < 2)及足夠腎功能(CrCl ≥50 ml/minute)的多發性骨髓瘤成年患者。,多發性骨髓瘤,的多發性骨髓瘤,126
9.75. Carfilzomib (如Kyprolis)：(109/2/1、112/4/1、113/4/1),2.,2.與isatuximab/dexamethasone併用，治療先前曾接受至少一種含bortezomib 或 lenalidomide 之療法治療失敗的多發性骨髓瘤成人患者，且須具有良好日常體能狀態 (ECOG < 2) 者。（113/4/1）,多發性骨髓瘤,失敗的多發性骨髓瘤,122
9.75. Carfilzomib (如Kyprolis)：(109/2/1、112/4/1、113/4/1),3.,3. 需經事前審查核准後使用：（109/2/1、112/4/1）,無符合,無,991
9.75. Carfilzomib (如Kyprolis)：(109/2/1、112/4/1、113/4/1),4.,4. 不得與其他蛋白酶體抑制劑(proteasome inhibitor)或免疫調節劑(immunomodulatory drugs) 或daratumumab併用。（109/2/1、112/4/1、113/4/1）,無符合,無,108
9.75. Carfilzomib (如Kyprolis)：(109/2/1、112/4/1、113/4/1),5.,5. 112年3月31日以前已核定用藥之病人，得經事前審查核准後，使用至總療程上限（即終生10個療程）或使用期間發生疾病惡化為止。（112/4/1）,無符合,無,74
9.76.Midostaurin (如Rydapt)：(109/2/1、113/6/1、114/10/1),1.,1.	限用於新確診為FLT3突變陽性的急性骨髓性白血病(AML)成人病患之標準前導與鞏固性化療時合併使用。,白血病,突變陽性的急性骨髓性白血病,53
9.76.Midostaurin (如Rydapt)：(109/2/1、113/6/1、114/10/1),2.,2.	需排除急性前骨髓性細胞白血病（acute promyelocytic leukemia，APL）的患者。,白血病,排除急性前骨髓性細胞白血病,55
9.76.Midostaurin (如Rydapt)：(109/2/1、113/6/1、114/10/1),3.,3.	首次用於標準前導期，可免事前審查，以2個療程為限，若2個療程後仍未達完全緩解之病患即不得再使用。,無符合,無,51
9.76.Midostaurin (如Rydapt)：(109/2/1、113/6/1、114/10/1),4.,4.	續用時需經事前審查核准後使用，申請時須檢附FLT3突變陽性檢測結果報告，且需符合全民健康保險藥品給付規定之通則十二，及日期、化學治療處方紀錄及療效評估，每次續用申請以2個療程為限，並需檢附前次治療結果評估資料證實無疾病進展，才可繼續使用。每人以總共給付6個療程為上限。(113/6/1),無符合,無,146
9.76.Midostaurin (如Rydapt)：(109/2/1、113/6/1、114/10/1),5.,5.	若病患接受造血幹細胞移植後則將不再給付本藥品。,無符合,無,26
9.76.Midostaurin (如Rydapt)：(109/2/1、113/6/1、114/10/1),6.,6.本藥品與quizartinib僅得擇一使用，除因耐受性不良，不得互換。(114/10/1),無符合,無,47
9.77.Ixazomib (如Ninlaro)：(109/3/1、112/4/1),1.,1.與lenalidomide及dexamethasone合併使用於先前已接受至少一種治療失敗之多發性骨髓瘤病患，並符合下列條件之一：,多發性骨髓瘤,一種治療失敗之多發性骨髓瘤,163
9.77.Ixazomib (如Ninlaro)：(109/3/1、112/4/1),2.,2.前述病患若於第二線治療使用，則需為具高風險細胞遺傳異常的病人群 (包括具del（17p）、t（4；14）、t(14；16)及1q21 amplification等染色體變化者)；若為第三線以上治療使用，則不需為具高風險遺傳異常者。,無符合,無,117
9.77.Ixazomib (如Ninlaro)：(109/3/1、112/4/1),3.,3.需經事前審查核准後使用：（109/3/1、112/4/1）,無符合,無,991
9.77.Ixazomib (如Ninlaro)：(109/3/1、112/4/1),4.,4. 除lenalidomide外，本案藥品不得與其他蛋白酶體抑制劑(proteasome inhibitor)或免疫調節劑(immunomodulatory drugs)併用。（109/3/1、112/4/1）,無符合,無,106
9.77.Ixazomib (如Ninlaro)：(109/3/1、112/4/1),5.,5.112年3月31日以前已核定用藥之病人，得經事前審查核准後，使用至總療程上限（即終生12個療程）或使用期間發生疾病惡化為止。（112/4/1）,無符合,無,73
9.78. Daratumumab(如Darzalex靜脈注射劑與皮下注射劑)：(109/4/1、112/4/1、113/4/1、114/9/1),1.,1.治療適合接受自體幹細胞移植的新診斷多發性骨髓瘤成人病人：(114/9/1),多發性骨髓瘤,胞移植的新診斷多發性骨髓瘤,566
9.78. Daratumumab(如Darzalex靜脈注射劑與皮下注射劑)：(109/4/1、112/4/1、113/4/1、114/9/1),2.,2.限與bortezomib/dexamethasone或lenalidomide/dexamethasone併用，治療先前曾接受至少1種含bortezomib 或 lenalidomide 之療法治療失敗的多發性骨髓瘤成人患者，且須具有良好日常體能狀態(ECOG < 2)者，以總共22次輸注為上限,多發性骨髓瘤,療法治療失敗的多發性骨髓瘤,1105
9.78. Daratumumab(如Darzalex靜脈注射劑與皮下注射劑)：(109/4/1、112/4/1、113/4/1、114/9/1),3.,3.除lenalidomide、thalidomide或bortezomib外，本案藥品不得與其他蛋白酶體抑制劑(proteasome inhibitor)或免疫調節劑(immunomodulatory drugs)併用。(109/4/1、112/4/1、114/9/1),無符合,無,136
9.78. Daratumumab(如Darzalex靜脈注射劑與皮下注射劑)：(109/4/1、112/4/1、113/4/1、114/9/1),4.,4.112年3月31日以前已核定用藥之病人，得經事前審查核准後，使用至總療程上限（第一線治療以總共16輸注為上限，第二線以上治療以總共22次輸注為上限，接受第一線治療以後，不再給付第二線以上治療）或使用期間發生疾病惡化為止。（112/4/1、114/9/1）,無符合,無,129
9.78. Daratumumab(如Darzalex靜脈注射劑與皮下注射劑)：(109/4/1、112/4/1、113/4/1、114/9/1),5.,5.Daratumumab與isatuximab二者僅能擇一使用，除因藥物耐受不良以外，不可以其他原因申請互換使用。（113/4/1）,無符合,無,67
9.79.Obinutuzumab(如Gazyva)：（109/4/1、113/2/1、114/8/1）,1.,1.限用於第一次接受含rituximab治療後治療無效或治療結束後6個月內復發的濾泡性淋巴瘤(follicular lymphoma)患者。,淋巴瘤,月內復發的濾泡性淋巴瘤,296
9.79.Obinutuzumab(如Gazyva)：（109/4/1、113/2/1、114/8/1）,2.,2.限與chlorambucil併用於治療先前未曾接受過治療，且具有合併症(comorbidities)而不適合接受含 fludarabine治療的CD20陽性慢性淋巴球性白血病（CLL）患者。（113/2/1）,白血病,陽性慢性淋巴球性白血病,282
9.79.Obinutuzumab(如Gazyva)：（109/4/1、113/2/1、114/8/1）,3.,3.限與zanubrutinib併用，治療先前曾接受至少兩線(每線至少4個療程)全身性治療無效或復發的濾泡性淋巴瘤成人病人。(114/8/1),淋巴瘤,"效或復發的濾泡性淋巴瘤, 有三顆以上之腫瘤, 有單一腫瘤",521
9.79.Obinutuzumab(如Gazyva)：（109/4/1、113/2/1、114/8/1）,4.,"4.限以obinutuzumab 1,000mg作為glofitamab用於治療先前曾接受至少兩線全身治療之復發性或難治性瀰漫性大B細胞淋巴瘤 (DLBCL) 的成人病人之前置治療，需與glofitamab首次治療同時申請事前審查並經核准後使用。(114/8/1）",淋巴瘤,細胞淋巴瘤,132
9.80.Osimertinib (如Tagrisso)：(109/4/1、109/6/1、109/10/1、111/4/1、113/6/1、113/10/1、115/8/1),1.,1.限單獨使用於：,肺癌,或轉移性之非小細胞肺癌,223
9.80.Osimertinib (如Tagrisso)：(109/4/1、109/6/1、109/10/1、111/4/1、113/6/1、113/10/1、115/8/1),2.,2.使用注意事項：(109/10/1、111/4/1、113/6/1、113/10/1、115/8/1）,肺癌,"或非小細胞肺癌, 時需檢具確實患有肺腺癌",797
9.81.Lorlatinib (如Lorviqua)：(109/6/1、112/11/1、113/4/1、113/6/1),1.,1.適用於ALK陽性的晚期非小細胞肺癌第一線治療。(112/11/1),肺癌,"具確實患有非小細胞肺癌, 陽性之晚期非小細胞肺癌, 陽性的晚期非小細胞肺癌",373
9.81.Lorlatinib (如Lorviqua)：(109/6/1、112/11/1、113/4/1、113/6/1),2.,2.適用於在ceritinib、alectinib或brigatinib治療中惡化之ALK陽性的晚期非小細胞肺癌患者。(109/6/1、112/11/1、113/4/1),肺癌,陽性的晚期非小細胞肺癌,165
9.82.Brigatinib (如Alunbrig)：(109/8/1、111/8/1、112/11/1、113/6/1),一般,(無標題),肺癌,"具確實患有非小細胞肺癌, 陽性之晚期非小細胞肺癌, 陽性的晚期非小細胞肺癌",495
9.82.Brigatinib (如Alunbrig)：(109/8/1、111/8/1、112/11/1、113/6/1),3.,3.每日最大劑量限180mg。(111/8/1)。,無符合,無,25
9.83.Dacomitinib (如Vizimpro)：(109/10/1、111/9/1、113/6/1、115/8/1),1.,1.限單獨使用具有EGFR-TK Exon 19 Del或Exon 21 L858R點突變，且無腦轉移 (non-CNS)之局部侵犯性或轉移性(即第ⅢB、ⅢC或第Ⅳ期)之肺腺癌病患之第一線治療，需檢附EGFR基因檢測結果報告，且需符合全民健康保險藥品給付規定之通則十二。,肺癌,之肺腺癌,135
9.83.Dacomitinib (如Vizimpro)：(109/10/1、111/9/1、113/6/1、115/8/1),2.,2.使用注意事項,肺癌,歷應留存確實患有肺腺癌,353
9.85.PARP抑制劑(如olaparib、niraparib、talazoparib)：(109/11/1、111/6/1、111/8/1、112/1/1、112/11/1、113/3/1、113/6/1、113/9/1、114/3/1、114/6/1、114/8/1、114/10/1),1.,1.卵巢、輸卵管或原發性腹膜癌(olaparib、niraparib)：(109/11/1、 111/6/1、111/8/1、112/1/1、113/3/1、113/6/1、113/9/1、114/3/1、114/6/1、114/8/1),卵巢癌,輸卵管或原發性腹膜癌,1616
9.85.PARP抑制劑(如olaparib、niraparib、talazoparib)：(109/11/1、111/6/1、111/8/1、112/1/1、112/11/1、113/3/1、113/6/1、113/9/1、114/3/1、114/6/1、114/8/1、114/10/1),2.,2.三陰性乳癌(olaparib、talazoparib)：(109/11/1、111/6/1、111/8/1、112/1/1、113/6/1),乳癌,"三陰性乳癌, 上局部晚期或轉移性乳癌, 轉移性乳癌",669
9.85.PARP抑制劑(如olaparib、niraparib、talazoparib)：(109/11/1、111/6/1、111/8/1、112/1/1、112/11/1、113/3/1、113/6/1、113/9/1、114/3/1、114/6/1、114/8/1、114/10/1),3.,3.去勢療法無效的轉移性攝護腺癌 (mCRPC) (olaparib)：（112/11/1、113/6/1、114/6/1),攝護腺癌,"治療前列腺癌, 法無效的轉移性攝護腺癌",792
9.85.PARP抑制劑(如olaparib、niraparib、talazoparib)：(109/11/1、111/6/1、111/8/1、112/1/1、112/11/1、113/3/1、113/6/1、113/9/1、114/3/1、114/6/1、114/8/1、114/10/1),4.,4.高復發風險之早期乳癌(olaparib)：(114/6/1),乳癌,"三陰性乳癌, 且原發性病理腫瘤, 中發現有殘餘的侵襲性癌, 有高復發風險之早期乳癌, 陰性乳癌, 高復發風險之早期乳癌",714
9.85.PARP抑制劑(如olaparib、niraparib、talazoparib)：(109/11/1、111/6/1、111/8/1、112/1/1、112/11/1、113/3/1、113/6/1、113/9/1、114/3/1、114/6/1、114/8/1、114/10/1),5.,5.Olaparib每日最多使用4粒(112/1/1),無符合,無,27
9.86.Vandetanib (如Caprelsa)：(109/11/1),一般,(無標題),無符合,犯或轉移性甲狀腺髓質癌,43
9.86.Vandetanib (如Caprelsa)：(109/11/1),1.,1.需經事前審查核准後使用，每次申請之療程以6個月為限，送審時需檢送影像資料，每6個月評估一次。,無符合,無,48
9.86.Vandetanib (如Caprelsa)：(109/11/1),2.,2.出現疾病惡化或無法忍受之藥物不良反應，應立即停用。,無符合,無,27
9.86.Vandetanib (如Caprelsa)：(109/11/1),3.,3.每日最大劑量為300毫克。,無符合,無,15
9.87.Trastuzumab emtansine (如Kadcyla)：(110/2/1、113/8/1、114/2/1、114/5/1),1.,1.早期乳癌(113/8/1、114/2/1、114/5/1),乳癌,"之早期乳癌, 使用於早期乳癌, 公分之早期乳癌, 早期乳癌, 為陰性且腫瘤, 遠處臟器轉移之早期乳癌",517
9.87.Trastuzumab emtansine (如Kadcyla)：(110/2/1、113/8/1、114/2/1、114/5/1),2.,2.轉移性乳癌(110/2/1、113/8/1、114/2/1),乳癌,"之前已經接受過轉移性癌, 之轉移性乳癌, 個月內癌, 轉移性乳癌",397
9.88.Ixabepilone (如Ixempra)：(110/2/1),1.,1.限Ixabepilone合併capecitabine用於局部晚期或轉移性乳癌患者，需符合以下條件之一：,乳癌,於局部晚期或轉移性乳癌,121
9.88.Ixabepilone (如Ixempra)：(110/2/1),2.,2.每3個療程需進行療效評估，病歷應留存評估紀錄，無疾病惡化方可繼續使用。,無符合,無,37
9.88.Ixabepilone (如Ixempra)：(110/2/1),3.,3.Ixabepilone與eribulin用於治療上述之轉移性乳癌患者時，僅得擇一使用，且不得互換(ixabepilone限用於未曾使用過eribulin之病患)。,乳癌,於治療上述之轉移性乳癌,83
9.90. Apalutamide (如Erleada)：(110/3/1、110/11/1、111/3/1、112/9/1、113/8/1、114/6/1),1.,1.治療高風險非轉移性去勢抗性前列腺癌(high risk nmCRPC)的成年男性。,攝護腺癌,轉移性去勢抗性前列腺癌,559
9.90. Apalutamide (如Erleada)：(110/3/1、110/11/1、111/3/1、112/9/1、113/8/1、114/6/1),2.,2.治療高風險轉移性的去勢敏感性前列腺癌(mCSPC)，總療程以36個月為上限。（110/3/1、111/3/1、113/8/1）,攝護腺癌,性的去勢敏感性前列腺癌,328
9.90. Apalutamide (如Erleada)：(110/3/1、110/11/1、111/3/1、112/9/1、113/8/1、114/6/1),3.,3. 不論病人處於轉移或非轉移的狀態下，新型荷爾蒙藥品(abiraterone、apalutamide、darolutamide和enzalutamide) ，及olaparib 與 abiraterone併用，終生僅給付一種治療，且除非出現嚴重不耐受反應導致必須永久停止治療，不得互換。 (112/,無符合,無,162
9.91.Dabrafenib (如Tafinlar)、Trametinib (如Mekinist)：(110/3/1、113/3/1、113/6/1),1.,1.Dabrafenib和trametinib併用於治療BRAF V600突變陽性ECOG≤ 2且罹患無法切除(第ⅢC期)或轉移性(第Ⅳ期)黑色素瘤之病人：,黑色素瘤,無,142
9.91.Dabrafenib (如Tafinlar)、Trametinib (如Mekinist)：(110/3/1、113/3/1、113/6/1),2.,2.Dabrafenib和trametinib併用於BRAF V600突變陽性且完全切除之第三期黑色素瘤病人術後輔助治療：,黑色素瘤,全切除之第三期黑色素瘤,112
9.91.Dabrafenib (如Tafinlar)、Trametinib (如Mekinist)：(110/3/1、113/3/1、113/6/1),3.,3.本品(dabrafenib併用trametinib之治療組合)與vemurafenib僅能擇一使用，除因耐受性不良，不得互換。,無符合,無,65
9.91.Dabrafenib (如Tafinlar)、Trametinib (如Mekinist)：(110/3/1、113/3/1、113/6/1),4.,4. Dabrafenib與trametinib併用於治療BRAF V600E突變之轉移性(第IV期)非小細胞肺癌成人病人：(113/3/1、113/6/1),肺癌,附確實患有非小細胞肺癌,323
9.92. Ramucirumab (如Cyramza)：(110/5/1),1.,1.單一療法適用於接受過sorafenib治療失敗後之轉移性或無法手術切除且不適合局部治療或局部治療失敗，且alpha- fetoprotein (AFP)≥ 400ng/mL之Child-Pugh A class晚期肝細胞癌成人患者。,肝癌,晚期肝細胞癌,118
9.92. Ramucirumab (如Cyramza)：(110/5/1),2.,2.需經事前審查核准後使用，初次申請之療程以12週為限，之後每8週評估一次。送審時需檢送影像資料，無疾病惡化方可繼續使用。,無符合,無,61
9.92. Ramucirumab (如Cyramza)：(110/5/1),3.,3.Ramucirumab與regorafenib、nivolumab僅能擇一使用，不得互換。,無符合,無,47
9.93.Entrectinib (如Rozlytrek)：(110/7/1、113/6/1),1.,1.單獨使用於ROS-1陽性之局部晚期或轉移性非小細胞肺癌的成人病人。,肺癌,期或轉移性非小細胞肺癌,35
9.93.Entrectinib (如Rozlytrek)：(110/7/1、113/6/1),2.,2.須經事前審查核准後使用：(113/6/1),肺癌,具確實患有非小細胞肺癌,230
9.93.Entrectinib (如Rozlytrek)：(110/7/1、113/6/1),3.,3.Entrectinib與crizotinib用於ROS-1陽性之晚期非小細胞肺癌時，僅得擇一使用，除因病人使用後，發生嚴重不良反應或耐受不良之情形外，不得互換。,肺癌,陽性之晚期非小細胞肺癌,82
9.93.Entrectinib (如Rozlytrek)：(110/7/1、113/6/1),4.,4.每日最大劑量限600mg。,無符合,無,15
9.94. Darolutamide(如Nubeqa)：(110/11/1、112/9/1、113/5/1、113/8/1、115/4/1),1.,1.作為單一療法或與docetaxel併用於治療高風險轉移性的去勢敏感性前列腺癌(mCSPC)，總療程以36個月為上限。(113/5/1、114/6/1、115/4/1),攝護腺癌,性的去勢敏感性前列腺癌,512
9.94. Darolutamide(如Nubeqa)：(110/11/1、112/9/1、113/5/1、113/8/1、115/4/1),2.,2.治療高風險非轉移性去勢抗性前列腺癌(high risk nmCRPC)的成年男性。,攝護腺癌,轉移性去勢抗性前列腺癌,565
9.94. Darolutamide(如Nubeqa)：(110/11/1、112/9/1、113/5/1、113/8/1、115/4/1),3.,3. 不論病人處於轉移或非轉移的狀態下，新型荷爾蒙藥品(abiraterone、apalutamide、darolutamide和enzalutamide) ，及olaparib 與 abiraterone併用，終生僅給付一種治療，且除非出現嚴重不耐受反應導致必須永久停止治療，不得互換。(112/9,無符合,無,161
9.95.Larotrectinib (如Vitrakvi)：(111/3/1、111/6/1、112/12/1、113/6/1),1.,1.	適用於有NTRK基因融合的實體腫瘤成人和兒童病人，並應符合以下條件：(112/12/1),無符合,"基因融合的實體腫瘤, 為轉移性實體腫瘤",177
9.95.Larotrectinib (如Vitrakvi)：(111/3/1、111/6/1、112/12/1、113/6/1),2.,2.前述1.之兒童(未滿18 歲)病人，除了嬰兒纖維肉瘤可作為(含)一線以上使用外，其餘適應症須為曾接受一線治療後無效或復發的病人。（112/12/1),無符合,除了嬰兒纖維肉瘤,76
9.95.Larotrectinib (如Vitrakvi)：(111/3/1、111/6/1、112/12/1、113/6/1),3.,3.前述1.之成人(≧18歲)病人，包括之適應症有:（112/12/1),"甲狀腺癌, 結直腸癌, 肺癌, 胃腸道基質瘤, 胰臟癌, 腦瘤, 膽道癌, 軟組織肉瘤, 骨癌, 黑色素瘤","之晚期鱗狀非小細胞肺癌, 分泌型乳腺癌, 切除或轉移的唾液腺腫瘤, 化療失敗的晚期軟組織肉瘤, 唾液腺腫瘤, 型之晚期非小細胞肺腺癌, 惡化之轉移性直腸結腸癌, 惡性神經膠質瘤, 或退行性星狀細胞瘤, 手術切除或轉移性胰臟癌, 手術切除或轉移的闌尾癌, 敗之高度惡性神經膠質瘤, 治療之晚期非小細胞肺癌, 法手術切除或轉移的骨癌, 療的轉移性分泌型乳腺癌, 突變非小細胞肺癌, 第三期或第四期黑色素瘤, 肝內膽管癌, 轉移的惡性胃腸道基質瘤, 闌尾癌, 除或晚期或復發之膽道癌, 非鱗狀癌, 鱗狀癌",1094
9.95.Larotrectinib (如Vitrakvi)：(111/3/1、111/6/1、112/12/1、113/6/1),4.,4.需經事前審查核准後使用：(111/3/1、111/6/1、113/6/1),無符合,無,165
9.96.Decitabine：(111/5/1),1.,"1.骨髓增生不良症候群高危險性病患：頑固性貧血併有過量芽細胞（RA with excess blasts, RAEB）、轉變中的頑固性貧血併有過量芽細胞（RAEB in transformation, RAEB-T）、及慢性骨髓單核細胞性白血病（chronic myelomonocytic leuk",白血病,及慢性骨髓單核細胞性白血病,163
9.96.Decitabine：(111/5/1),2.,2.初次申請時需經事前審查核准後使用。,無符合,無,19
9.96.Decitabine：(111/5/1),3.,3.續用本藥品不需再事前審查，惟病歷應留存確診之病理或影像診斷證明等報告，並記錄治療相關臨床資料。病患倘病情惡化至急性骨髓性白血病即應停藥。,白血病,病情惡化至急性骨髓性白血病,70
9.96.Decitabine：(111/5/1),4.,4.急性骨髓性白血病之定義：骨髓芽細胞（myeloblast）大於30%。,白血病,急性骨髓性白血病,37
9.96.Decitabine：(111/5/1),5.,5.本藥品與azacitidine僅能擇一使用，除因耐受性不良，不得互換。使用本藥品無效後，不得再申請azacitidine。,無符合,無,63
9.97.Avapritinib (如Ayvakit)：(111/6/1、113/6/1),1.,1.治療具有血小板衍生生長因子α受體(PDGFRA)D842V突變之無法切除或轉移性腸胃道間質瘤的成年病人。,無符合,除或轉移性腸胃道間質瘤,54
9.97.Avapritinib (如Ayvakit)：(111/6/1、113/6/1),2.,2.需經事前審查核准後使用，初次申請時需檢附血小板衍生生長因子α受體(PDGFRA)D842V突變檢測報告，且需符合全民健康保險藥品給付規定之通則十二。(111/6/1、113/6/1),無符合,無,93
9.97.Avapritinib (如Ayvakit)：(111/6/1、113/6/1),3.,3.每次申請事前審查之療程以6個月為限，再次申請必須提出客觀證據(如：影像學)證實無惡化，才可繼續使用。,無符合,無,52
9.97.Avapritinib (如Ayvakit)：(111/6/1、113/6/1),4.,4.每日至多處方100mg 2粒或300mg 1粒。,無符合,無,26
9.98.Pemigatinib (如Pemazyre)：(112/5/1、113/6/1),1.,1.適用於成人接受過全身性藥物治療、腫瘤具有FGFR2融合或重排、不可手術切除的局部晚期或轉移性肝內膽管癌。,膽道癌,晚期或轉移性肝內膽管癌,54
9.98.Pemigatinib (如Pemazyre)：(112/5/1、113/6/1),2.,2.需經事前審查核准後使用，初次申請需檢附腫瘤組織具有FGFR2基因融合或重排之基因變異檢測報告，且需符合全民健康保險藥品給付規定之通則十二。(113/6/1),無符合,初次申請需檢附腫瘤,80
9.98.Pemigatinib (如Pemazyre)：(112/5/1、113/6/1),3.,3.核准後每12週需再次申請，再次申請時需檢附療效評估資料證實無疾病惡化，才可繼續使用。,無符合,無,44
9.98.Pemigatinib (如Pemazyre)：(112/5/1、113/6/1),4.,4.每日限處方1粒。,無符合,無,10
9.99.Gilteritinib(如Xospata)：(112/6/1、113/6/1、115/8/1),1.,1.限單獨使用於具有FLT3突變的復發性或難治性急性骨髓性白血病(R/R AML)，限用於(112/6/1、115/8/1)：,白血病,性或難治性急性骨髓性白血病,233
9.99.Gilteritinib(如Xospata)：(112/6/1、113/6/1、115/8/1),2.,2.須經事前審查核准後使用，每次申請為3個療程，每個療程為1個月，申請劑量以每日120mg為上限：(112/6/1、115/8/1),無符合,無,567
9.99.Gilteritinib(如Xospata)：(112/6/1、113/6/1、115/8/1),3.,3.檢附之FLT3突變檢測結果報告，需符合全民健康保險藥品給付規定之通則十二。(113/6/1),無符合,無,48
9.100.Acalabrutinib(如Calquence)：(112/7/1、112/12/1、114/10/1、115/5/1),1.,1.單獨使用於先前接受過至少一種化學或標靶治療方式無效或復發的被套細胞淋巴瘤成年病人。,淋巴瘤,或復發的被套細胞淋巴瘤,263
9.100.Acalabrutinib(如Calquence)：(112/7/1、112/12/1、114/10/1、115/5/1),2.,2.單獨使用於慢性淋巴球性白血病(CLL)成年病人。(112/7/1、112/12/1、114/10/1、115/5/1),白血病,獨使用於慢性淋巴球性白血病,980
9.101.Tepotinib (如Tepmetko):(112/7/1、113/6/1),1.,1.適用於治療轉移性非小細胞肺癌的成人病人，其腫瘤帶有導致間質上皮轉化因子外顯子14 跳讀式突變(MET exon 14 skipping mutation)。,肺癌,"其腫瘤, 治療轉移性非小細胞肺癌",80
9.101.Tepotinib (如Tepmetko):(112/7/1、113/6/1),2.,2.須經事前審查核准後使用:,肺癌,具確實患有非小細胞肺癌,194
9.101.Tepotinib (如Tepmetko):(112/7/1、113/6/1),3.,3.使用本品無效後則不再給付該適應症相關之免疫檢查點PD-1、PD-L1抑制劑。,無符合,無,40
9.101.Tepotinib (如Tepmetko):(112/7/1、113/6/1),4.,4.每日最多處方2粒。,無符合,無,11
9.102.Dinutuximab beta (如Qarziba)：(112/8/1),1.,1.限用於年齡12個月以上的初診斷高危險神經母細胞瘤病人之初次使用GD2免疫治療；且在接受自體幹細胞移植前至少達到部分緩解，在自體幹細胞移植後，可申請以1次治療所需的5個療程為限。,神經母細胞瘤,診斷高危險神經母細胞瘤,90
9.102.Dinutuximab beta (如Qarziba)：(112/8/1),2.,2.限移植後12個月內開始使用。,無符合,無,16
9.102.Dinutuximab beta (如Qarziba)：(112/8/1),3.,3.自初診斷至使用本品前，出現復發、新轉移或疾病惡化者，不得申請給付。,無符合,無,35
9.102.Dinutuximab beta (如Qarziba)：(112/8/1),4.,4.經事前審查核准後使用。,無符合,無,13
9.103.Tisagenlecleucel(如Kymriah)：(112/11/1、113/2/1、114/8/1),1.,1.治療患有難治型、移植後復發、第二次或二次以上復發之B細胞急性淋巴性白血病（ALL），且需符合以下條件:,白血病,細胞急性淋巴性白血病,660
9.103.Tisagenlecleucel(如Kymriah)：(112/11/1、113/2/1、114/8/1),2.,2.治療經二線或二線以上全身治療後之復發性或難治性瀰漫性大B細胞淋巴瘤（DLBCL）的成人病人。且需符合以下條件:(112/11/1、114/8/1),"淋巴瘤, 皮膚癌","之外的併發惡性腫瘤, 但充分治療的基底細胞癌, 原位癌, 原發惡性腫瘤, 或鱗狀細胞癌, 細胞淋巴瘤, 若為子宮頸或乳腺癌",987
9.103.Tisagenlecleucel(如Kymriah)：(112/11/1、113/2/1、114/8/1),3.,3.前述1、2項均須符合下列條件：,淋巴瘤,"發性中樞神經系統淋巴瘤, 發性中樞神經系統淋巴癌, 證明無淋巴瘤, 需證實癌",449
9.103.Tisagenlecleucel(如Kymriah)：(112/11/1、113/2/1、114/8/1),4.,4.執行醫師須完全符合下列資格：,無符合,無,156
9.103.Tisagenlecleucel(如Kymriah)：(112/11/1、113/2/1、114/8/1),5.,5.執行醫院須完全符合下列條件：,無符合,無,403
9.103.Tisagenlecleucel(如Kymriah)：(112/11/1、113/2/1、114/8/1),6.,6.須經專家小組特殊專案審查核准後使用，並須檢附下列文件：,無符合,無,108
9.104.Zanubrutinib(如Brukinsa)：(112/12/1、114/8/1、114/10/1、115/5/1),1.,1.單獨使用於先前接受過至少一種化學或標靶治療方式無效或復發的被套細胞淋巴瘤成年病人。(112/12/1、114/8/1、114/10/1、115/5/1),淋巴瘤,或復發的被套細胞淋巴瘤,337
9.104.Zanubrutinib(如Brukinsa)：(112/12/1、114/8/1、114/10/1、115/5/1),2.,2.單獨使用於曾接受含一種單株抗體及一種靜脈注射之alkylating agent之chemoimmunotherapy至少4個療程以上後復發者的華氏巨球蛋白血症成年病人。(112/12/1、114/8/1)。,無符合,無,357
9.104.Zanubrutinib(如Brukinsa)：(112/12/1、114/8/1、114/10/1、115/5/1),3.,3.與obinutuzumab併用，治療先前曾接受至少兩線(每線至少4個療程)全身性治療無效或復發的濾泡性淋巴瘤成人病人。(114/8/1),淋巴瘤,"效或復發的濾泡性淋巴瘤, 有三顆以上之腫瘤, 有單一腫瘤",549
9.104.Zanubrutinib(如Brukinsa)：(112/12/1、114/8/1、114/10/1、115/5/1),4.,4.單獨使用於慢性淋巴球性白血病(CLL)成人病人。(114/10/1、115/5/1),白血病,獨使用於慢性淋巴球性白血病,927
9.105.Polatuzumab vedotin (如Polivy)：(113/2/1、114/8/1),1.,1.限與bendamustine和rituximab併用，適用於第三線治療復發型（relapsed）或難治型（refractory）且未曾接受及不適合接受造血幹細胞移植的瀰漫性大型B細胞淋巴瘤（DLBCL）成年病人，並須完全符合下列條件：,淋巴瘤,細胞淋巴瘤,634
9.105.Polatuzumab vedotin (如Polivy)：(113/2/1、114/8/1),2.,2.需經事前審查核准後使用：,無符合,無,90
9.105.Polatuzumab vedotin (如Polivy)：(113/2/1、114/8/1),3.,3.病人接受本藥物治療後，不給付造血幹細胞移植。(113/2/1、114/8/1),無符合,無,41
9.105.Polatuzumab vedotin (如Polivy)：(113/2/1、114/8/1),4.,4.本藥品、glofitamab及epcoritamab僅得擇一給付，治療失敗後不得互換。(114/8/1),無符合,無,54
9.106.Sacituzumab govitecan (如Trodelvy）：(113/2/1、114/2/1、114/10/1),1.,1.用於治療先前已接受兩次以上全身性治療無效(其中一次需為治療晚期疾病)之無法切除的局部晚期或轉移性的三陰性乳癌成人病人。(113/2/1、114/2/1),乳癌,期或轉移性的三陰性乳癌,342
9.106.Sacituzumab govitecan (如Trodelvy）：(113/2/1、114/2/1、114/10/1),2.,2.用於治療患有無法切除的局部晚期或轉移性的HR陽性、HER2陰性之乳癌成人病人。(114/10/1),乳癌,"的轉移性乳癌, 陰性之乳癌",273
9.107.Abemaciclib (如Verzenio)：(113/3/1、113/6/1),1.,1.併用內分泌療法(tamoxifen或芳香環酶抑制劑)，作為荷爾蒙受體(HR)陽性(ER或PR>30%)、第二型人類表皮生長因子受體(HER2)陰性、淋巴結陽性，高復發風險之早期乳癌成年女性病人的輔助療法，須符合下列高復發風險條件之一(113/3/1、113/6/1)：,乳癌,"且腫瘤, 高復發風險之早期乳癌",256
9.107.Abemaciclib (如Verzenio)：(113/3/1、113/6/1),2.,2.使用前，須接受標準之化學及放射輔助治療方可申請使用。使用中，若疾病惡化須停止使用且不得再使用其他CDK4/6抑制劑。,無符合,無,60
9.107.Abemaciclib (如Verzenio)：(113/3/1、113/6/1),3.,3.使用前，僅能接受最多12週的內分泌治療，且應於手術切除後16個月內接受本品治療。,無符合,無,42
9.107.Abemaciclib (如Verzenio)：(113/3/1、113/6/1),4.,4.須經事前審查核准後使用，每24週須再次申請並檢附療效評估資料，若疾病有惡化情形須停止使用。,無符合,無,47
9.107.Abemaciclib (如Verzenio)：(113/3/1、113/6/1),5.,5.每日至多使用2錠，使用不得超過2年。,無符合,無,20
9.108. Isatuximab(如Sarclisa)：(113/4/1、114/9/1),1.,1.限與carfilzomib/dexamethasone併用，治療先前曾接受至少1種含bortezomib或lenalidomide之療法治療失敗的多發性骨髓瘤成人患者，且須具有良好日常體能狀態(ECOG<2)者。,多發性骨髓瘤,療法治療失敗的多發性骨髓瘤,108
9.108. Isatuximab(如Sarclisa)：(113/4/1、114/9/1),2.,2.須經事前審查核准後使用：(113/4/1、114/9/1),無符合,無,927
9.108. Isatuximab(如Sarclisa)：(113/4/1、114/9/1),3.,3.每位病人終生限給付26次輸注。,無符合,無,17
9.108. Isatuximab(如Sarclisa)：(113/4/1、114/9/1),4.,4.除carfilzomib外，本案藥品不得與其他蛋白酶體抑制劑(proteasome inhibitor)或免疫調節劑(immunomodulatory drugs)併用。,無符合,無,87
9.108. Isatuximab(如Sarclisa)：(113/4/1、114/9/1),5.,5.Isatuximab與daratumumab二者僅能擇一使用，除因藥物耐受不良以外，不可以其他原因申請互換使用。,無符合,無,58
9.109.Enfortumab vedotin(如Padcev）：(113/5/1),1.,1.適用於先前接受過含鉑化學治療，後續接受免疫檢查點抑制劑(如atezolizumab；nivolumab；pembrolizumab；avelumab；ipilimumab製劑)治療失敗後疾病惡化的局部晚期或轉移性泌尿道上皮癌成人病人，須檢附接受過含鉑化學治療之病歷報告。,無符合,道上皮癌,137
9.109.Enfortumab vedotin(如Padcev）：(113/5/1),2.,2.使用條件：,無符合,無,253
9.109.Enfortumab vedotin(如Padcev）：(113/5/1),3.,3.須經事前審查核准後使用。初次申請時需檢附以下資料：,無符合,無,180
9.109.Enfortumab vedotin(如Padcev）：(113/5/1),4.,4.每次申請事前審查以3個療程為限，再次申請時需檢附療效評估資料，若病情惡化即不得再次申請，無效後或給付時程期滿後則不再給付該適應症相關之標靶藥物及免疫檢查點抑制劑。,無符合,無,83
9.109.Enfortumab vedotin(如Padcev）：(113/5/1),5.,5.每位病人限給付6個療程。,無符合,無,14
9.110.Tirabrutinib (如Velexbru）：(113/6/1),1.,1.適用於治療成人復發或難治型原發性中樞神經系統B細胞淋巴瘤，且符合下列各項條件：,淋巴瘤,細胞淋巴瘤,126
9.110.Tirabrutinib (如Velexbru）：(113/6/1),2.,2.須經事前審查核准後使用。首次申請事前審查之療程以3個月為限，之後每3個月需再次申請，再次申請時應檢附前次治療結果評估資料，如影像學檢查報告。,無符合,無,72
9.110.Tirabrutinib (如Velexbru）：(113/6/1),3.,3.每日至多處方6粒。,無符合,無,11
9.110.Tirabrutinib (如Velexbru）：(113/6/1),4.,4.限給付9個月。,無符合,無,9
9.110.Tirabrutinib (如Velexbru）：(113/6/1),5.,5.限單獨使用，不得同時使用單株抗體及化療。,無符合,無,22
9.111.Elotuzumab (如Empliciti)：(113/9/1),1.,1.與pomalidomide及dexamethasone併用，治療之前曾接受過至少兩種療法（包括lenalidomide和蛋白酶體抑制劑）的多發性骨髓瘤成年病人，且完全符合下列條件：,多發性骨髓瘤,的多發性骨髓瘤,169
9.111.Elotuzumab (如Empliciti)：(113/9/1),2.,2.需經事前審查核准後使用：,多發性骨髓瘤,無,927
9.111.Elotuzumab (如Empliciti)：(113/9/1),3.,3.不得與蛋白酶體抑制劑(bortezomib、carfilzomib)或lenalidomide併用。,無符合,無,52
9.112.Pertuzumab與trastuzumab皮下注射複方製劑(如Phesgo):(113/12/1、114/5/1),1.,1.本藥品及化學療法併用於具HER2過度表現（IHC3+或FISH+），且具腋下淋巴結轉移但無遠處臟器轉移之早期乳癌病人（113/12/1、114/5/1）,乳癌,遠處臟器轉移之早期乳癌,336
9.112.Pertuzumab與trastuzumab皮下注射複方製劑(如Phesgo):(113/12/1、114/5/1),2.,2.轉移性乳癌,乳癌,"使用於轉移性乳癌, 先前於早期乳癌, 惟於早期乳癌, 轉移性乳癌",312
9.113.Gemtuzumab ozogamicin(如Mylotarg)：(114/1/1),1.,1.限用於新診斷原發型CD33陽性的急性骨髓性白血病(AML)病人之標準前導與鞏固性化療時合併使用，且完全符合下列條件：,白血病,"排除急性前骨髓性細胞白血病, 陽性的急性骨髓性白血病",146
9.113.Gemtuzumab ozogamicin(如Mylotarg)：(114/1/1),2.,2.需經事前審查核准後使用，用於誘導期時，以1個療程(3次輸注)為限，並需合併標準3+7緩解誘導化療使用。,無符合,無,53
9.113.Gemtuzumab ozogamicin(如Mylotarg)：(114/1/1),3.,3.若病患疾病達到完全緩解(即CR 或 CRi)，可續申請使用於鞏固治療期，每次申請以1個療程為限(1次輸注)，並最多給付2個鞏固治療療程(即2次輸注)。申請時需檢附前次治療結果評估資料證實無疾病惡化。,無符合,無,101
9.113.Gemtuzumab ozogamicin(如Mylotarg)：(114/1/1),4.,4.每人以給付5次輸注為上限。,無符合,無,15
9.114.Fedratinib (如Inrebic)：(114/1/1、114/10/1),1.,1.用於未曾接受Janus 激酶抑制劑（JAK inhibitor）治療或曾接受ruxolitinib 治療後不耐受或有禁忌症，且為International Working Group（IWG）Consensus Criteria 中度風險或高風險之骨髓纖維化，包括原發性骨髓纖維化、真性紅血球增多,無符合,無,838
9.114.Fedratinib (如Inrebic)：(114/1/1、114/10/1),2.,2.本藥品與ruxolitinib、momelotinib用於中度風險或高風險之骨髓纖維化治療時，僅得擇一給付。ruxolitinib、momelotinib治療後如疾病惡化不得換用本藥品。(114/10/1),無符合,無,105
9.115.Trastuzumab deruxtecan (如Enhertu)：(114/2/1),1.,1.單獨使用於具HER2過度表現(IHC3+或FISH+)之轉移性乳癌病人作為二線治療，並同時符合下列情形：,乳癌,"之前已經接受過轉移性癌, 之轉移性乳癌, 個月內癌",350
9.115.Trastuzumab deruxtecan (如Enhertu)：(114/2/1),2.,2.單獨使用於ER、PR皆陰性且具 HER2弱陽性(IHC 1+或IHC 2+/ISH-)表現之無法切除的局部晚期或轉移性乳癌病人，且符合下列各項條件：,乳癌,的局部晚期或轉移性乳癌,291
9.115.Trastuzumab deruxtecan (如Enhertu)：(114/2/1),3.,3.申報醫療費用時「總量」應依實際使用量申報，取至小數點第一位，第二位四捨五入。,無符合,無,40
9.116.Selumetinib (如Koselugo)：(114/2/1),1.,1.治療3歲以上至未滿18歲第1型神經纖維瘤(neurofibromatosis type1，NF1) 合併有叢狀神經纖維瘤（plexiform neurofibroma，PN）之兒童病人，且同時符合下列情形：,無符合,"合併有叢狀神經纖維瘤, 型神經纖維瘤",132
9.116.Selumetinib (如Koselugo)：(114/2/1),2.,2.無法以手術切除的定義為：,無符合,"兒遺傳科或小兒血液腫瘤, 血液腫瘤",215
9.116.Selumetinib (如Koselugo)：(114/2/1),3.,3.具有症狀且嚴重的PN定義為因PN引起的嚴重症狀，且符合下列情況之一者：,無符合,因腫瘤,183
9.116.Selumetinib (如Koselugo)：(114/2/1),4.,4.需經事前審查核准後使用，每次申請以6個月為限，初次申請時須提供疾病相關檢驗及症狀證據，如照片、檢查影像、病理報告或評估報告；再次申請時應檢附前次治療結果評估資料，以RECIST標準評定藥物療效反應，如有下列情況之一，應停止使用：,無符合,無,248
9.116.Selumetinib (如Koselugo)：(114/2/1),5.,5.每日最高劑量為100 mg。,無符合,無,16
9.117.Selinexor(如Xpovio)：(114/3/1),1.,1.與bortezomib及dexamethasone合併使用於先前已接受至少2種治療失敗之多發性骨髓瘤病人，且須具有良好日常體能狀態(ECOG<2)者。,多發性骨髓瘤,失敗之多發性骨髓瘤,77
9.117.Selinexor(如Xpovio)：(114/3/1),2.,2.須經事前審查核准後使用：,無符合,無,901
9.118.Elranatamab (如Elrexfio)：(114/5/1、114/8/1),1.,1.適用於治療先前曾接受至少四線療法(包括一種蛋白酶體抑制劑、一種免疫調節劑和一種抗CD38單株抗體)並在最近治療後顯示為疾病惡化的復發性或難治性多發性骨髓瘤成人病人，且須具有良好日常體能狀態(ECOG≤2)。,多發性骨髓瘤,發性或難治性多發性骨髓瘤,105
9.118.Elranatamab (如Elrexfio)：(114/5/1、114/8/1),2.,2.須經事前審查核准後使用：,無符合,無,877
9.118.Elranatamab (如Elrexfio)：(114/5/1、114/8/1),3.,3.每位病人終生限給付39次輸注。,無符合,無,17
9.118.Elranatamab (如Elrexfio)：(114/5/1、114/8/1),4.,4.執行醫師須完全符合下列資格：,無符合,無,135
9.118.Elranatamab (如Elrexfio)：(114/5/1、114/8/1),5.,5.Elranatamab與teclistamab僅能擇一給付，除因耐受性不良，不得互換。二者使用總療程合併計算，以全部39次輸注為上限。,無符合,無,69
9.119. Teclistamab (如Tecvayli) ：(114/5/1、114/8/1),一般,(無標題),多發性骨髓瘤,發性或難治性多發性骨髓瘤,1233
9.120.Glofitamab（如Columvi）：（114/8/1),1.,1.用於治療先前曾接受至少兩線全身治療之復發性或難治性瀰漫性大B細胞淋巴瘤 (DLBCL) 的成人病人，且須完全符合以下條件：,淋巴瘤,"中樞神經系統淋巴瘤, 細胞淋巴瘤",346
9.120.Glofitamab（如Columvi）：（114/8/1),2.,2.	需經事前審查以核准使用，每次申請事前審查以3個療程為限；首次再申請須檢附達到CR或PR的證明方可續用；其後續申請須證明疾病無惡化方可續用。若病情惡化即須停用。,無符合,無,82
9.120.Glofitamab（如Columvi）：（114/8/1),3.,3.	總療程以12個療程為上限；每位病人一生限用一次連續療程(12個療程)，不得重複申請。,無符合,無,45
9.120.Glofitamab（如Columvi）：（114/8/1),4.,"4.	限以obinutuzumab 1,000mg作為療程之前置治療，僅用以降低療程中誘導細胞激素釋放症候群(CRS)的風險。",無符合,無,63
9.120.Glofitamab（如Columvi）：（114/8/1),5.,5.	執行醫師須完全符合下列資格：,無符合,無,119
9.120.Glofitamab（如Columvi）：（114/8/1),6.,6.	本藥品、polatuzumab vedotin及 epcoritamab僅得擇一給付，治療失敗後不得互換。,無符合,無,56
9.121.Epcoritamab (如Epkinly)：(114/8/1),1.,1.適用於治療先前曾接受至少兩線全身治療之復發性或難治性瀰漫性大B細胞淋巴瘤 (DLBCL) 的成人病人，且須完全符合以下條件：,淋巴瘤,"中樞神經系統淋巴瘤, 細胞淋巴瘤",342
9.121.Epcoritamab (如Epkinly)：(114/8/1),2.,2.須經事前審查以核准使用，每次申請事前審查以3個療程為限；首次再申請須檢附達到CR或PR的證明方可續用；其後續申請須證明疾病無惡化方可續用。若病情惡化即須停用。,無符合,無,81
9.121.Epcoritamab (如Epkinly)：(114/8/1),3.,3.總療程以12個療程為上限；每位病人一生限用一次連續療程(12個療程)，不得重複申請。,無符合,無,44
9.121.Epcoritamab (如Epkinly)：(114/8/1),4.,4.執行醫師須完全符合下列資格：,無符合,無,118
9.121.Epcoritamab (如Epkinly)：(114/8/1),5.,5.本藥品、glofitamab、polatuzumab vedotin，三者僅得擇一給付，治療失敗後不得互換。,無符合,無,56
9.122.Asciminib (如Scemblix)：(114/9/1),1.,1.限用於治療先前曾接受2種以上的酪胺酸激酶抑制劑治療，且發生耐受性不良或治療無效的慢性期費城染色體陽性之慢性骨髓性白血病(Ph+ CML-chronic phase)成年病人。,白血病,色體陽性之慢性骨髓性白血病,89
9.122.Asciminib (如Scemblix)：(114/9/1),2.,2.不能為具有T315I或V299L突變之BCR-ABL融合基因的疾病。,無符合,無,36
9.122.Asciminib (如Scemblix)：(114/9/1),3.,3.使用後無法耐受藥物副作用或發生疾病進展，須停止使用。,無符合,無,28
9.122.Asciminib (如Scemblix)：(114/9/1),4.,4.1~2項規定之疾病診斷或追蹤若為依據基因檢測報告，需符合全民健康保險藥品給付規定之通則十二。,無符合,無,48
9.123.Ripretinib(如Qinlock）：(114/9/1),1.,1.適用於治療已接受3種或以上激酶抑制劑(包括imatinib)治療的晚期胃腸道基質瘤(GIST)成人病人。,胃腸道基質瘤,治療的晚期胃腸道基質瘤,54
9.123.Ripretinib(如Qinlock）：(114/9/1),2.,2.需經事前審查核准後使用，每次申請之療程以3個月為限，送審時需檢送影像資料，每3個月評估一次。治療期間出現疾病惡化，則不可繼續使用。,無符合,無,67
9.123.Ripretinib(如Qinlock）：(114/9/1),3.,3.本藥品不得合併其他藥品，每日至多處方3粒。,無符合,無,23
9.124.Tafasitamab（如Minjuvi）：（114/10/1、115/3/1、115/4/1）,1.,1.限與lenalidomide(限使用Leavdo、Lelimide及Revlimid)併用，適用於經一線全身治療含rituximab治療復發型，不適合接受造血幹細胞移植瀰漫性大型B細胞淋巴瘤(DLBCL)成人病人，且須完全符合以下條件（114/10/1、115/3/1、115/4/1）：,淋巴瘤,"中樞神經系統淋巴瘤, 細胞淋巴瘤",357
9.124.Tafasitamab（如Minjuvi）：（114/10/1、115/3/1、115/4/1）,2.,2.須經事前審查核准以使用，每次申請事前審查以3個療程為限，首次再申請須檢附達到CR或PR的證明方可續用；其後續申請須證明疾病無惡化方可續用。若病情惡化即須停用。,無符合,無,81
9.124.Tafasitamab（如Minjuvi）：（114/10/1、115/3/1、115/4/1）,3.,3.總療程以12個療程為上限；每位病人一生限用一次 (12個療程)，不得重複申請。,無符合,無,41
9.124.Tafasitamab（如Minjuvi）：（114/10/1、115/3/1、115/4/1）,4.,4.執行醫師須為血液病或造血幹細胞移植專科醫師且須完成血液病或造血幹細胞移植的相關照護訓練。,無符合,無,46
9.124.Tafasitamab（如Minjuvi）：（114/10/1、115/3/1、115/4/1）,5.,5.病人接受本藥物治療後，不給付造血幹細胞移植。,無符合,無,24
9.125.Quizartinib（如Vanflyta）：（114/10/1),1.,1.	限用於新確診為FLT3-ITD 突變陽性的急性骨髓性白血病(AML)成人病人，於標準前導(cytarabine 和anthracycline)與鞏固性化療(cytarabine)時合併使用，及於維持治療時單獨使用。,白血病,突變陽性的急性骨髓性白血病,110
9.125.Quizartinib（如Vanflyta）：（114/10/1),2.,2.	需排除急性前骨髓性細胞白血病（acute promyelocytic leukemia，APL）的病人。,白血病,排除急性前骨髓性細胞白血病,55
9.125.Quizartinib（如Vanflyta）：（114/10/1),3.,3.	首次用於標準前導期，可免事前審查，且以2個療程為限。若在2個療程後仍未達完全緩解，則不得再使用。,無符合,無,51
9.125.Quizartinib（如Vanflyta）：（114/10/1),4.,4.	續用於鞏固治療時需經事前審查核准後使用，申請時須檢附FLT3 突變陽性檢測結果及日期、化學治療處方紀錄及療效評估，每次續用申請以2個療程為限，並需檢附前次治療結果評估資料證實無疾病進展，才可繼續使用。前導治療與鞏固治療每人以總共給付6個療程為上限。,無符合,無,127
9.125.Quizartinib（如Vanflyta）：（114/10/1),5.,5.	維持治療僅限於無疾病進展且尚未接受造血幹細胞移植的病人，病人接受造血幹細胞移植後即需停用。續用維持治療須經審查核准後使用，初次申請為3個療程，並須檢附前次治療結果評估資料證實無疾病進展才可繼續使用，每3個療程需再次申請，可治療至疾病復發或無法耐受藥物毒性為止。維持治療每人以24個療程為上限。,無符合,無,149
9.125.Quizartinib（如Vanflyta）：（114/10/1),6.,6.	前導治療與鞏固治療限與midostaurin僅得擇一使用，除因耐受性不良，不得互換。,無符合,無,45
9.125.Quizartinib（如Vanflyta）：（114/10/1),7.,7.	維持治療限與azacitidine擇一使用，除因耐受性不良，不得互換。,無符合,無,38
9.126.Amivantamab(如Rybrevant)：(114/10/1),1.,1.與carboplatin 及pemetrexed 併用，適用於罹患帶有表皮生長因子受體(EGFR) exon 20 插入突變之局部晚期或轉移性非小細胞肺癌(NSCLC)的成人病人，作為第一線治療。,肺癌,期或轉移性非小細胞肺癌,100
9.126.Amivantamab(如Rybrevant)：(114/10/1),2.,2.需經事前審查核准後使用：,肺癌,具確實患有非小細胞肺癌,168
9.127.Momelotinib (如Omjjara)：(114/10/1),1.,1.用於未曾接受Janus激酶抑制劑（JAK inhibitor）治療或曾接受ruxolitinib、fedratinib治療後不耐受或有禁忌症，且為International Working Group（IWG）Consensus Criteria中度風險或高風險之骨髓纖維化，包括原發性骨髓纖維化,無符合,無,867
9.127.Momelotinib (如Omjjara)：(114/10/1),2.,2.本藥品與ruxolitinib、fedratinib用於中度風險或高風險之骨髓纖維化治療時，僅得擇一給付。Ruxolitinib、fedratinib治療後如疾病惡化不得換用本藥品。,無符合,無,93
9.128.Tucidinostat (如Kepida)：(114/12/1),1.,1.與exemestane併用，適用於曾接受過至少一種治療轉移性的內分泌併用CDK4/6抑制劑治療後復發或惡化，且未曾使用exemestane之荷爾蒙接受體陽性、HER2受體陰性，且尚未出現器官轉移危急症狀 (visceral crisis)之停經後轉移性乳癌病人。,乳癌,之停經後轉移性乳癌,133
9.128.Tucidinostat (如Kepida)：(114/12/1),2.,2.需經事前審查核准後使用，每次申請之療程以3個月為限。初次申請時需檢送病理報告及影像報告，之後每3個月申請一次，再次申請時需檢附影像資料及前次治療結果評估資料證實無惡化，才可繼續使用。,無符合,無,93
9.128.Tucidinostat (如Kepida)：(114/12/1),3.,3.本藥品與everolimus僅得擇一使用，除因耐受性不良，不得互換。,無符合,無,36
9.129.Alpelisib (如Piqray）：(115/1/1、115/6/1),1.,1.與fulvestrant併用於曾接受CDK4/6抑制劑治療但疾病惡化的停經後轉移性乳癌病人，且須完全符合下列條件：,乳癌,惡化的停經後轉移性乳癌,113
9.129.Alpelisib (如Piqray）：(115/1/1、115/6/1),2.,2.需經事前審查核准後使用：,無符合,無,100
9.129.Alpelisib (如Piqray）：(115/1/1、115/6/1),3.,3.每日最多處方2粒。,無符合,無,11
9.129.Alpelisib (如Piqray）：(115/1/1、115/6/1),4.,4.本藥品併用fulvestrant與capivasertib併用fulvestrant用於PIK3CA基因突變病人時，僅得擇一給付。(115/6/1),無符合,無,76
9.130.Fulvestrant(如 Fustron)：(115/1/1、115/6/1),1.,1.單獨使用於患有雌激素受體陽性的局部晚期或轉移性乳癌之停經病人，其已接受輔助抗雌激素療法但疾病仍復發，或使用抗雌激素療法但疾病仍惡化。,乳癌,的局部晚期或轉移性乳癌,68
9.130.Fulvestrant(如 Fustron)：(115/1/1、115/6/1),2.,2.與alpelisib或capivasertib併用於曾接受CDK4/6抑制劑治療但疾病惡化的停經後轉移性乳癌病人，且須符合alpelisib或capivasertib之藥品給付規定。(115/1/1、115/6/1),乳癌,惡化的停經後轉移性乳癌,110
9.130.Fulvestrant(如 Fustron)：(115/1/1、115/6/1),3.,3.與CDK4/6抑制劑(限使用palbociclib)併用於曾接受過內分泌療法之局部晚期或轉移性乳癌病人，且須符合CDK4/6抑制劑之藥品給付規定。,乳癌,之局部晚期或轉移性乳癌,75
9.131.Repotrectinib(如Augtyro)：(115/2/1),1.,1.單獨給付於在crizotinib或entrectinib治療中惡化之ROS1陽性之局部晚期或轉移性非小細胞肺癌的成人病人。,肺癌,期或轉移性非小細胞肺癌,63
9.131.Repotrectinib(如Augtyro)：(115/2/1),2.,2.須經事前審查核准後使用：,肺癌,具確實患有非小細胞肺癌,205
9.131.Repotrectinib(如Augtyro)：(115/2/1),3.,3.每日最大劑量限320mg。,無符合,無,15
9.132.Bosutinib(如Bostini)：(115/2/1),1.,1.第一線使用：,白血病,性之慢性期慢性骨髓性白血病,60
9.132.Bosutinib(如Bostini)：(115/2/1),2.,2.第二線使用：,白血病,速或急性期慢性骨髓性白血病,192
9.132.Bosutinib(如Bostini)：(115/2/1),3.,3.1~2項規定內之疾病診斷或追蹤若需依據基因檢測報告，則需符合全民健康保險藥品給付規定之通則十二。,無符合,無,50
9.132.Bosutinib(如Bostini)：(115/2/1),4.,4.Bosutinib、nilotinib與dasatinib不得合併使用。,無符合,無,38
9.133.Zolbetuximab (如Vyloy)：(115/4/1),一般,(無標題),胃癌,"不可切除或轉移性胃腺癌, 的腫瘤, 組織化學染色法確定腫瘤",365
9.134.Encorafenib (如Braftovi):(115/5/1),1.,1.與cetuximab併用，作為具有BRAF V600E突變的轉移性結腸直腸癌(CRC)成人病人之第二線治療，需同時符合下列條件：,結直腸癌,突變的轉移性結腸直腸癌,311
9.134.Encorafenib (如Braftovi):(115/5/1),2.,2.須經事前審查核准後使用，初次申請之療程以12週為限，之後每12週申請一次，再次申請時必須提出客觀影像學證據（如：影像學）證實無惡化，才可繼續使用。,無符合,無,75
9.134.Encorafenib (如Braftovi):(115/5/1),3.,3.使用總療程以24週為上限。,無符合,無,15
9.134.Encorafenib (如Braftovi):(115/5/1),4.,4.使用本品併用cetuximab作為第二線治療，不得再申請給付抗表皮生長因子受體(anti-EGFR)藥品作為後續治療。,無符合,無,61
9.135. Capivasertib (如Truqap)：(115/6/1),1.,1.與fulvestrant併用於曾接受CDK4/6抑制劑治療但疾病惡化的停經後轉移性乳癌病人，且須完全符合下列條件：,乳癌,惡化的停經後轉移性乳癌,135
9.135. Capivasertib (如Truqap)：(115/6/1),2.,2.需經事前審查核准後使用：,無符合,無,110
9.135. Capivasertib (如Truqap)：(115/6/1),3.,3.本藥品併用fulvestrant與alpelisib併用fulvestrant用於PIK3CA基因變異病人時，僅得擇一給付。,無符合,無,64
9.136.Fruquintinib (如Fruzaqla)：(115/6/1),1.,1.用於先前曾接受下列療法的轉移性大腸直腸癌(mCRC)病人，療法包括fluoropyrimidine、oxaliplatin、irinotecan為基礎的化療，和抗血管內皮生長因子(anti-VEGF)等療法；若K-RAS為原生型(wild type)，則需再加上接受過抗表皮生長因子受體(anti,結直腸癌,療法的轉移性大腸直腸癌,159
9.136.Fruquintinib (如Fruzaqla)：(115/6/1),2.,2.需檢附All-RAS基因突變分析檢測結果報告，且需符合全民健康保險藥品給付規定之通則十二。,無符合,無,47
9.136.Fruquintinib (如Fruzaqla)：(115/6/1),3.,3.須經事前審查核准後使用，每次申請之療程以8週為限，再次申請必須提出客觀證據（如：影像學）證實無惡化，才可繼續使用。,無符合,無,59
9.136.Fruquintinib (如Fruzaqla)：(115/6/1),4.,4.Fruzaqla 5mg每日至多給付1粒，Fruzaqla 1mg每日至多給付4粒。,無符合,無,44
9.137.Cabazitaxel(如Cabazred):(115/8/1),1.,1.與prednisone或prednisolone併用，治療對荷爾蒙無效的轉移性前列腺癌(mCRPC)，且已接受過docetaxel治療者，須完全符合下列條件：,攝護腺癌,蒙無效的轉移性前列腺癌,190
9.137.Cabazitaxel(如Cabazred):(115/8/1),2.,2.需經事前審查核准後使用，每3個月需再次申請。,無符合,無,184
9.137.Cabazitaxel(如Cabazred):(115/8/1),3.,3.總療程以7個療程為上限。,無符合,無,14
9.137.Cabazitaxel(如Cabazred):(115/8/1),4.,4.不得與新型荷爾蒙藥品或olaparib合併使用。,無符合,無,26
9.138.Aumolertinib (如Pulmivex)：(115/8/1),1.,1.限單獨使用於：,肺癌,或轉移性之非小細胞肺癌,195
9.138.Aumolertinib (如Pulmivex)：(115/8/1),2.,2.使用注意事項：,肺癌,"或非小細胞肺癌, 時需檢具確實患有肺腺癌",678
